4,494,0.05,500.0,9510.760543,500.0,9569.320608,17453.784063,0.0,0.0,-51.72377,0.0,0.0,-135.0,0.0,0.0,0.0,0.0,0.0,0.0,0,0,0,0,0,0,0,0,0,0,0,0,0,0,0,370.717834,410.452972,457.800201,560.687439,462.298828,414.485229,370.696228,410.478027,457.827454,560.719666,462.341644,414.52417,370.755676,410.509399,457.863159,560.764587,462.318268,414.502686,370.75824,410.495239,457.846741,560.743408,462.282806,414.471313,57.943798,105500.331753,-0.0,193.784063,2,false,false,0.0,-205.06,0,0.0,1.0,0.0
4,495,0.1,500.0,27789.239457,500.0,27730.679392,17457.375199,0.0,0.0,-92.508593,0.0,0.0,-135.0,0.0,0.0,0.0,0.0,0.0,0.0,0,0,0,0,0,0,0,0,0,0,0,0,0,0,0,370.717834,410.452972,457.800201,560.687439,462.298828,414.485229,370.696228,410.478027,457.827454,560.719666,462.341644,414.52417,370.755676,410.509399,457.863159,560.764587,462.318268,414.502686,370.75824,410.495239,457.846741,560.743408,462.282806,414.471313,54.352661,105500.331753,-0.0,197.375199,0,false,false,0.0,-205.05,0,0.0,1.0,0.0
4,496,0.15,500.0,9510.760543,500.0,9569.320608,17463.595829,0.0,0.0,-136.835556,0.0,0.0,-135.0,0.0,0.0,0.0,0.0,0.0,0.0,0,0,0,0,0,0,0,0,0,0,0,0,0,0,0,370.717834,410.452972,457.800201,560.687439,462.298828,414.485229,370.696228,410.478027,457.827454,560.719666,462.341644,414.52417,370.755676,410.509399,457.863159,560.764587,462.318268,414.502686,370.75824,410.495239,457.846741,560.743408,462.282806,414.471313,48.13203,105500.331753,-0.0,203.595829,0,false,false,0.0,-205.04,0,0.0,1.0,0.0
4,497,0.2,500.0,27789.239457,500.0,27730.679392,17472.286811,0.0,0.0,-179.960709,0.0,0.0,-135.0,0.0,0.0,0.0,0.0,0.0,0.0,0,0,0,0,0,0,0,0,0,0,0,0,0,0,0,370.717834,410.452972,457.800201,560.687439,462.298828,414.485229,370.696228,410.478027,457.827454,560.719666,462.341644,414.52417,370.755676,410.509399,457.863159,560.764587,462.318268,414.502686,370.75824,410.495239,457.846741,560.743408,462.282806,414.471313,39.441051,105500.331753,-0.0,212.286811,0,false,false,0.0,-205.03,0,0.0,1.0,0.0
4,498,0.25,499.674679,9511.085864,499.693431,9569.627177,17473.616554,8.181666,7.665146,5.543585,0.006037,0.239136,-135.000046,0.0,0.0,0.0,0.0,0.0,0.0,0,0,0,0,0,0,0,0,0,0,0,0,0,0,0,371.178741,410.919037,458.319885,561.323669,462.287781,414.47522,371.060822,410.467773,457.815887,560.705322,461.829956,414.065308,370.30069,410.050293,457.350952,560.137085,462.33783,414.520142,370.399536,410.512451,457.865784,560.766541,462.803009,414.937592,38.111305,105500.751237,0.106759,-226.712922,0,false,false,0.0,-205.02,0,0.0,1.0,0.0
4,499,0.3,499.45477,27789.459366,499.489512,27730.883311,17473.918398,-0.045327,-0.109916,0.02947,0.009176,0.260185,-134.999557,0.0,0.0,0.0,0.0,0.0,0.0,0,0,0,0,0,0,0,0,0,0,0,0,0,0,0,371.49118,411.230896,458.668945,561.753235,462.273193,414.463226,371.30423,410.457642,457.805817,560.695007,461.482361,413.75473,369.994751,409.741608,457.007904,559.718933,462.349365,414.531555,370.162628,410.525757,457.881836,560.788208,463.147522,415.247589,37.809464,105500.961881,-0.787556,-265.172448,0,false,false,0.0,-205.01,0,0.0,1.0,0.0
4,500,0.35,499.505125,9511.035509,499.54242,9569.574269,17473.929964,-0.841601,-0.876821,0.261079,0.011859,0.146089,-134.999405,0.0,0.0,0.0,0.0,0.0,0.0,0,0,0,0,0,0,0,0,0,0,0,0,0,0,0,371.417908,411.152679,458.582092,561.647522,462.26712,414.45813,371.23938,410.453186,457.801208,560.690002,461.562683,413.827118,370.064484,409.814606,457.089691,559.819763,462.347443,414.530182,370.223907,410.525024,457.881409,560.78833,463.059204,415.168762,37.797897,105501.207761,-1.106748,-55.069285,0,false,false,0.0,-205.0,0,0.0,1.0,0.0
4,501,0.4,499.555774,27789.408717,499.595739,27730.829992,17473.941715,-0.201453,-0.236345,0.068365,0.014685,0.030206,-134.999466,0.0,0.0,0.0,0.0,0.0,0.0,0,0,0,0,0,0,0,0,0,0,0,0,0,0,0,371.344482,411.075195,458.495483,561.541199,462.263794,414.455017,371.174316,410.449829,457.797333,560.684998,461.646423,413.902069,370.134918,409.889313,457.172882,559.921387,462.34848,414.530975,370.286011,410.525574,457.881866,560.788635,462.973175,415.091461,37.786148,105501.029847,-1.046916,158.321829,0,false,false,0.0,-204.99,0,0.0,1.0,0.0
4,502,0.45,499.552593,9511.03869,499.594128,9569.57588,17473.941561,0.106706,0.072097,0.013925,0.016209,0.033252,-134.999603,0.0,0.0,0.0,0.0,0.0,0.0,0,0,0,0,0,0,0,0,0,0,0,0,0,0,0,371.348053,411.07843,458.498779,561.544617,462.263153,414.454132,371.175293,410.448425,457.79541,560.682068,461.643188,413.898834,370.129852,409.885559,457.168335,559.915222,462.350433,414.53241,370.283539,410.526459,457.882538,560.788879,462.977753,415.095245,37.786301,105501.041504,-0.794059,152.713412,0,false,false,0.0,-204.98,0,0.0,1.0,0.0
4,503,0.5,499.549921,27789.411389,499.59361,27730.83051,17473.941319,0.029387,0.000407,0.00459,0.018363,0.033287,-134.999741,0.0,0.0,0.0,0.0,0.0,0.0,0,0,0,0,0,0,0,0,0,0,0,0,0,0,0,371.350861,411.080505,458.500763,561.546509,462.262024,414.45282,371.174957,410.446594,457.79306,560.678589,461.641205,413.896759,370.12561,409.882965,457.165131,559.910767,462.352783,414.534241,370.28244,410.527802,457.883698,560.789734,462.980957,415.097839,37.786541,105501.043856,-0.558514,152.647759,0,false,false,0.0,-204.97,0,0.0,1.0,0.0
4,504,0.55,499.544956,9511.043656,499.590904,9569.578586,17473.94109,0.02482,-0.009683,0.004301,0.020582,0.037221,-134.999802,0.0,0.0,0.0,0.0,0.0,0.0,0,0,0,0,0,0,0,0,0,0,0,0,0,0,0,371.35733,411.086029,458.506805,561.553711,462.260468,414.451294,371.177612,410.444855,457.790955,560.675842,461.635223,413.891266,370.118561,409.877258,457.15863,559.902588,462.354919,414.536011,370.279205,410.529358,457.885284,560.791443,462.987518,415.103607,37.78677,105501.059513,-0.460055,145.404419,0,false,false,0.0,-204.96,0,0.0,1.0,0.0
4,505,0.6,499.541773,27789.414571,499.589845,27730.831569,17473.940875,0.123167,0.087633,0.015901,0.02258,0.038784,-134.999985,0.0,0.0,0.0,0.0,0.0,0.0,0,0,0,0,0,0,0,0,0,0,0,0,0,0,0,371.360535,411.088776,458.509369,561.55603,462.259644,414.450134,371.177582,410.442932,457.788361,560.671814,461.63266,413.88855,370.113251,409.87381,457.154266,559.896423,462.357574,414.537964,370.27713,410.530548,457.886139,560.791687,462.991882,415.107086,37.786987,105501.06644,-0.10706,142.525728,0,false,false,0.0,-204.95,0,0.0,1.0,0.0
4,506,0.65,499.539636,9511.045793,499.58974,9569.578691,17473.940663,0.041309,0.011996,0.005966,0.024451,0.038794,-135.000275,0.0,0.0,0.0,0.0,0.0,0.0,0,0,0,0,0,0,0,0,0,0,0,0,0,0,0,371.361816,411.089874,458.509918,561.555542,462.259277,414.449158,371.175964,410.440918,457.7854,560.667053,461.632111,413.887421,370.108978,409.871613,457.151154,559.891479,462.360535,414.539978,370.275757,410.531494,457.886505,560.791016,462.995026,415.109253,37.787197,105501.068048,0.397526,142.508393,0,false,false,0.0,-204.94,0,0.0,1.0,0.0
4,507,0.7,499.538773,27789.415435,499.590211,27730.831098,17473.940542,0.058476,0.035745,0.007622,0.025605,0.037505,-135.00058,0.0,0.0,0.0,0.0,0.0,0.0,0,0,0,0,0,0,0,0,0,0,0,0,0,0,0,371.361176,411.089569,458.508759,561.552795,462.259644,414.448792,371.173523,410.439331,457.782837,560.662598,461.63327,413.887756,370.106171,409.870728,457.149384,559.888,462.363098,414.541565,370.274719,410.53186,457.886139,560.789246,462.996826,415.110168,37.787319,105501.06509,0.978785,144.880971,0,false,false,0.0,-204.93,0,0.0,1.0,0.0
4,508,0.75,499.537657,9511.046909,499.59024,9569.578662,17473.940463,0.035925,0.023546,0.004577,0.026363,0.03658,-135.001129,0.0,0.0,0.0,0.0,0.0,0.0,0,0,0,0,0,0,0,0,0,0,0,0,0,0,0,371.359619,411.089294,458.507111,561.548523,462.261261,414.449036,371.17038,410.437439,457.779358,560.656067,461.634949,413.888031,370.101746,409.868866,457.145966,559.881531,462.366577,414.543457,370.271912,410.531647,457.884521,560.784973,463.000275,415.11203,37.787399,105501.06349,1.985923,146.585199,0,false,false,0.0,-204.92,0,0.0,1.0,0.0
4,509,0.8,499.53647,27789.416621,499.590172,27730.831166,17473.94039,0.009319,0.002625,0.001293,0.027047,0.035781,-135.001663,0.0,0.0,0.0,0.0,0.0,0.0,0,0,0,0,0,0,0,0,0,0,0,0,0,0,0,371.358307,411.089203,458.505707,561.544617,462.262817,414.449219,371.16745,410.435577,457.776031,560.64978,461.636353,413.888123,370.097321,409.866943,457.142487,559.875122,462.369934,414.545319,370.269073,410.531433,457.882996,560.780945,463.003754,415.113953,37.787472,105501.062298,2.954632,148.057412,0,false,false,0.0,-204.91,0,0.0,1.0,0.0
4,510,0.85,499.535447,9511.047932,499.589187,9569.579647,17473.940456,0.072988,0.067412,0.008528,0.026431,0.036017,-135.002136,0.0,0.0,0.0,0.0,0.0,0.0,0,0,0,0,0,0,0,0,0,0,0,0,0,0,0,371.357147,411.089752,458.505127,561.541931,462.265015,414.450134,371.166046,410.434662,457.773804,560.645081,461.636932,413.887573,370.093292,409.864563,457.138672,559.868469,462.372192,414.546265,370.26535,410.530548,457.880829,560.776306,463.007599,415.116364,37.787407,105501.0643,3.833121,147.621988,0,false,false,0.0,-204.9,0,0.0,1.0,0.0
4,511,0.9,499.535552,27789.416517,499.589621,27730.830733,17473.940449,-0.002404,0.002844,0.000628,0.026505,0.034365,-135.002396,0.0,0.0,0.0,0.0,0.0,0.0,0,0,0,0,0,0,0,0,0,0,0,0,0,0,0,371.35553,411.088837,458.503479,561.538818,462.26593,414.450378,371.164062,410.433899,457.772308,560.642212,461.63858,413.888458,370.092072,409.864441,457.137878,559.866394,462.373688,414.546997,370.264465,410.530273,457.879883,560.774048,463.008392,415.116455,37.787411,105501.059601,4.31406,150.664012,0,false,false,0.0,-204.89,0,0.0,1.0,0.0
4,512,0.95,499.533457,9511.050026,499.587941,9569.581326,17473.940493,-0.072272,-0.078114,0.022701,0.026079,0.035442,-135.003098,0.0,0.0,0.0,0.0,0.0,0.0,0,0,0,0,0,0,0,0,0,0,0,0,0,0,0,371.354614,411.090271,458.503326,561.535706,462.26889,414.451447,371.16217,410.432251,457.768738,560.634888,461.638794,413.887085,370.085327,409.860321,457.131561,559.855774,462.377289,414.548676,370.258698,410.529236,457.876984,560.767639,463.01474,415.120605,37.787369,105501.065021,5.611168,148.681612,0,false,false,0.0,-204.88,0,0.0,1.0,0.0
4,513,1.0,499.531358,27789.418616,499.586378,27730.832296,17473.940495,0.126206,0.110386,0.01508,0.026054,0.037391,-135.003586,0.0,0.0,0.0,0.0,0.0,0.0,0,0,0,0,0,0,0,0,0,0,0,0,0,0,0,371.35495,411.092041,458.50412,561.534729,462.270691,414.451996,371.161377,410.430939,457.766113,560.6297,461.638031,413.885315,370.079865,409.85675,457.126404,559.847473,462.379974,414.549988,370.254333,410.528717,457.875244,560.763489,463.019989,415.124207,37.787365,105501.072554,6.490922,145.094675,0,false,false,0.0,-204.87,0,0.0,1.0,0.0
4,514,1.05,499.531696,9511.049689,499.587253,9569.580451,17473.940482,-0.03981,-0.042738,0.012378,0.026186,0.03457,-135.003983,0.0,0.0,0.0,0.0,0.0,0.0,0,0,0,0,0,0,0,0,0,0,0,0,0,0,0,371.352264,411.090363,458.501282,561.529602,462.272064,414.452332,371.158142,410.429779,457.763824,560.625305,461.640839,413.886963,370.078247,409.856873,457.125549,559.844788,462.382233,414.551147,370.253296,410.528351,457.87384,560.760193,463.020813,415.124084,37.78738,105501.064379,7.211429,150.288701,0,false,false,0.0,-204.86,0,0.0,1.0,0.0
4,515,1.1,499.53218,27789.418132,499.587413,27730.832136,17473.940602,-0.011879,-0.002273,0.00198,0.025089,0.03201,-135.00444,0.0,0.0,0.0,0.0,0.0,0.0,0,0,0,0,0,0,0,0,0,0,0,0,0,0,0,371.349121,411.08902,458.498627,561.524475,462.274445,414.453461,371.155487,410.429138,457.761963,560.621155,461.643494,413.888306,370.076385,409.856445,457.123962,559.840942,462.384094,414.551788,370.250946,410.527222,457.87146,560.75531,463.0224,415.124481,37.787258,105501.057042,8.057505,155.002831,0,false,false,0.0,-204.85,0,0.0,1.0,0.0
4,516,1.15,499.531842,9511.050027,499.586969,9569.580895,17473.940685,-0.0302,-0.019507,0.006335,0.02432,0.031003,-135.004883,0.0,0.0,0.0,0.0,0.0,0.0,0,0,0,0,0,0,0,0,0,0,0,0,0,0,0,371.347137,411.088715,458.497192,561.520813,462.276642,414.454407,371.153564,410.428345,457.759979,560.616821,461.644928,413.888611,370.073456,409.855011,457.121246,559.835754,462.386108,414.552582,370.247955,410.526276,457.869293,560.750793,463.025146,415.125916,37.787174,105501.054787,8.887448,156.857988,0,false,false,0.0,-204.84,0,0.0,1.0,0.0
4,517,1.2,499.527605,27789.422369,499.583889,27730.835216,17473.940589,0.030382,0.015099,0.004089,0.025174,0.036626,-135.005173,0.0,0.0,0.0,0.0,0.0,0.0,0,0,0,0,0,0,0,0,0,0,0,0,0,0,0,371.35144,411.093536,458.501831,561.52533,462.277069,414.454163,371.155518,410.426971,457.75769,560.612854,461.64035,413.88385,370.06604,409.849121,457.113953,559.825623,462.388428,414.554016,370.242859,410.526581,457.868896,560.749146,463.032532,415.131866,37.787273,105501.0748,9.430331,146.503938,0,false,false,0.0,-204.83,0,0.0,1.0,0.0
4,518,1.25,499.52617,9511.051462,499.583331,9569.581453,17473.940545,0.035615,0.024862,0.004488,0.025588,0.036716,-135.005676,0.0,0.0,0.0,0.0,0.0,0.0,0,0,0,0,0,0,0,0,0,0,0,0,0,0,0,371.350677,411.094055,458.50119,561.522461,462.278656,414.454468,371.153412,410.425385,457.75473,560.607178,461.641022,413.883331,370.061432,409.84671,457.110046,559.818848,462.391449,414.555603,370.239655,410.526276,457.86734,560.745178,463.036438,415.134308,37.787315,105501.076353,10.334379,146.339168,0,false,false,0.0,-204.82,0,0.0,1.0,0.0
4,519,1.3,499.525133,27789.423405,499.583518,27730.835029,17473.940459,0.0,0.0,0.0,0.026397,0.035448,-135.006119,0.0,0.0,0.0,0.0,0.0,0.0,0,0,0,0,0,0,0,0,0,0,0,0,0,0,0,371.349609,411.093811,458.499817,561.518982,462.279724,414.454437,371.150635,410.423615,457.751678,560.601562,461.642365,413.883575,370.057709,409.845245,457.1073,559.81366,462.394501,414.557373,370.23761,410.526337,457.866302,560.742065,463.039185,415.135773,37.787403,105501.073605,11.147118,148.674232,0,false,false,0.0,-204.81,0,0.0,1.0,0.0
4,520,1.35,499.521954,9511.054641,499.581597,9569.583374,17473.940339,-0.028562,-0.048591,0.013283,0.027489,0.039059,-135.006348,0.0,0.0,0.0,0.0,0.0,0.0,0,0,0,0,0,0,0,0,0,0,0,0,0,0,0,371.352661,411.097107,458.502899,561.521729,462.279846,414.453979,371.151459,410.422241,457.749542,560.597961,461.639343,413.88031,370.052063,409.841064,457.102051,559.806213,462.396667,414.558777,370.234161,410.526794,457.866211,560.740967,463.044495,415.139984,37.787521,105501.086324,11.590471,142.025195,0,false,false,0.0,-204.8,0,0.0,1.0,0.0
4,521,1.4,499.520587,27789.424772,499.580934,27730.835692,17473.940322,0.069379,0.051873,0.008633,0.027646,0.039141,-135.006866,0.0,0.0,0.0,0.0,0.0,0.0,0,0,0,0,0,0,0,0,0,0,0,0,0,0,0,371.351715,411.097595,458.502167,561.518738,462.281647,414.454468,371.149384,410.420746,457.746613,560.592285,461.640076,413.879822,370.047424,409.838593,457.098022,559.799133,462.399658,414.560272,370.230682,410.526337,457.864441,560.736694,463.048553,415.142487,37.78754,105501.087856,12.535559,141.873735,0,false,false,0.0,-204.79,0,0.0,1.0,0.0
4,522,1.45,499.522467,9511.052761,499.583106,9569.581202,17473.940366,-0.065755,-0.053355,0.016158,0.027286,0.032756,-135.007385,0.0,0.0,0.0,0.0,0.0,0.0,0,0,0,0,0,0,0,0,0,0,0,0,0,0,0,371.346161,411.093597,458.496429,561.509521,462.283813,414.455231,371.143921,410.419495,457.743927,560.586792,461.645782,413.883759,370.047272,409.840515,457.098907,559.798035,462.402283,414.561493,370.230438,410.525513,457.862213,560.731812,463.047668,415.140503,37.787495,105501.068404,13.493863,153.63194,0,false,false,0.0,-204.78,0,0.0,1.0,0.0
4,523,1.5,499.519771,27789.427468,499.58066,27730.838138,17473.9404,0.0,0.0,0.0,0.026953,0.03631,-135.007874,0.0,0.0,0.0,0.0,0.0,0.0,0,0,0,0,0,0,0,0,0,0,0,0,0,0,0,371.347321,411.096436,458.498413,561.509949,462.285889,414.456024,371.144165,410.418396,457.741516,560.581848,461.64386,413.880951,370.040863,409.835846,457.092499,559.788208,462.404755,414.562622,370.224945,410.52478,457.860199,560.727356,463.054138,415.145203,37.78746,105501.08125,14.38881,147.087601,0,false,false,0.0,-204.77,0,0.0,1.0,0.0
4,524,1.55,499.518362,9511.05417,499.57948,9569.582381,17473.94044,0.094079,0.08072,0.01128,0.026564,0.03712,-135.008347,0.0,0.0,0.0,0.0,0.0,0.0,0,0,0,0,0,0,0,0,0,0,0,0,0,0,0,371.34671,411.097443,458.498322,561.507874,462.287933,414.456787,371.142944,410.417328,457.739136,560.576965,461.643982,413.880005,370.036316,409.833038,457.088196,559.780945,462.407166,414.563721,370.220978,410.524048,457.858215,560.7229,463.058472,415.148041,37.787422,105501.085024,15.267221,145.597223,0,false,false,0.0,-204.76,0,0.0,1.0,0.0
4,525,1.6,499.520176,27789.425654,499.581364,27730.836255,17473.940501,-0.078326,-0.062955,0.019147,0.026039,0.031182,-135.008835,0.0,0.0,0.0,0.0,0.0,0.0,0,0,0,0,0,0,0,0,0,0,0,0,0,0,0,371.341492,411.093781,458.493042,561.499451,462.29007,414.457642,371.138092,410.416321,457.736816,560.572144,461.6492,413.883606,370.036255,409.834808,457.088959,559.779968,462.409454,414.564667,370.220612,410.523132,457.856018,560.718262,463.057678,415.14624,37.787361,105501.066621,16.148127,156.531656,0,false,false,0.0,-204.75,0,0.0,1.0,0.0
4,526,1.65,499.520681,9511.053665,499.581277,9569.582468,17473.940654,-0.092755,-0.07016,0.021525,0.024632,0.028987,-135.009293,0.0,0.0,0.0,0.0,0.0,0.0,0,0,0,0,0,0,0,0,0,0,0,0,0,0,0,371.338287,411.09256,458.49054,561.494446,462.292725,414.458954,371.135712,410.415863,457.735138,560.568176,461.651703,413.884796,370.034363,409.834198,457.087128,559.775757,462.411133,414.565125,370.217896,410.52182,457.853363,560.713074,463.059509,415.14682,37.787209,105501.060117,17.011249,160.57275,0,false,false,0.0,-204.74,0,0.0,1.0,0.0
4,527,1.7,499.520542,27789.425793,499.580408,27730.837125,17473.940826,0.033191,0.045774,0.00612,0.023019,0.028462,-135.00972,0.0,0.0,0.0,0.0,0.0,0.0,0,0,0,0,0,0,0,0,0,0,0,0,0,0,0,371.336273,411.092468,458.48941,561.491272,462.295288,414.460327,371.134521,410.415588,457.733795,560.564758,461.652863,413.884888,370.031799,409.832672,457.084351,559.77063,462.412506,414.56543,370.214478,410.520447,457.85083,560.708191,463.062317,415.148407,37.787033,105501.059226,17.796135,161.53925,0,false,false,0.0,-204.73,0,0.0,1.0,0.0
4,528,1.75,499.516026,9511.058181,499.576339,9569.586536,17473.94083,0.0,0.0,0.0,0.022934,0.035103,-135.010025,0.0,0.0,0.0,0.0,0.0,0.0,0,0,0,0,0,0,0,0,0,0,0,0,0,0,0,371.340973,411.098206,458.495056,561.496887,462.296387,414.460602,371.137665,410.414703,457.732056,560.561401,461.647278,413.879211,370.023834,409.825806,457.075989,559.759094,462.414307,414.566376,370.208099,410.520233,457.849823,560.705688,463.07077,415.155304,37.787033,105501.083213,18.360438,149.311516,0,false,false,0.0,-204.72,0,0.0,1.0,0.0
4,529,1.8,499.513733,27789.428086,499.575181,27730.838283,17473.940735,-0.020618,-0.031234,0.008629,0.023805,0.035883,-135.010223,0.0,0.0,0.0,0.0,0.0,0.0,0,0,0,0,0,0,0,0,0,0,0,0,0,0,0,371.343018,411.100372,458.496948,561.498413,462.296387,414.460144,371.137848,410.413483,457.730225,560.558289,461.645386,413.877075,370.019653,409.822906,457.072266,559.753723,462.416168,414.567596,370.20578,410.520691,457.849823,560.704895,463.074493,415.158203,37.787125,105501.087612,18.723067,147.875636,0,false,false,0.0,-204.71,0,0.0,1.0,0.0
4,530,1.85,499.514839,9511.057075,499.57644,9569.585277,17473.940781,-0.045086,-0.040612,0.012088,0.023423,0.031488,-135.010681,0.0,0.0,0.0,0.0,0.0,0.0,0,0,0,0,0,0,0,0,0,0,0,0,0,0,0,371.338928,411.097717,458.492889,561.491516,462.29837,414.460907,371.13382,410.412476,457.727966,560.55365,461.649445,413.879669,370.018738,409.823761,457.072052,559.751587,462.418427,414.568573,370.204773,410.519897,457.847809,560.700562,463.074707,415.157349,37.787079,105501.074133,19.565012,155.968597,0,false,false,0.0,-204.7,0,0.0,1.0,0.0
4,531,1.9,499.5126,27789.430325,499.574739,27730.839984,17473.940769,0.019626,0.013915,0.002428,0.023507,0.033827,-135.011154,0.0,0.0,0.0,0.0,0.0,0.0,0,0,0,0,0,0,0,0,0,0,0,0,0,0,0,371.339508,411.099731,458.493958,561.490967,462.30011,414.461426,371.13327,410.411224,457.725403,560.548584,461.648376,413.877716,370.013123,409.819977,457.066711,559.743164,462.421021,414.569885,370.200317,410.519409,457.84613,560.696594,463.080078,415.161133,37.787094,105501.083037,20.419287,151.661346,0,false,false,0.0,-204.69,0,0.0,1.0,0.0
4,532,1.95,499.510756,9511.05892,499.573724,9569.586291,17473.940719,-0.021231,-0.02777,0.0078,0.02397,0.034822,-135.01152,0.0,0.0,0.0,0.0,0.0,0.0,0,0,0,0,0,0,0,0,0,0,0,0,0,0,0,371.340027,411.101105,458.494598,561.490234,462.301147,414.461548,371.132385,410.409912,457.723022,560.544128,461.647766,413.876343,370.008636,409.8172,457.062683,559.736694,462.423431,414.571198,370.197205,410.519318,457.845123,560.693787,463.084137,415.163971,37.78714,105501.087542,21.098113,149.82951,0,false,false,0.0,-204.68,0,0.0,1.0,0.0
4,533,2.0,499.508705,27789.432375,499.572513,27730.841196,17473.940668,0.0,0.0,0.0,0.024441,0.036283,-135.011917,0.0,0.0,0.0,0.0,0.0,0.0,0,0,0,0,0,0,0,0,0,0,0,0,0,0,0,371.340698,411.102753,458.495453,561.489624,462.302307,414.4617,371.131561,410.408539,457.72052,560.539429,461.646973,413.874725,370.003693,409.814056,457.058228,559.729553,462.425964,414.572601,370.193726,410.519165,457.843994,560.690796,463.088684,415.167114,37.787193,105501.093486,21.826384,147.139917,0,false,false,0.0,-204.67,0,0.0,1.0,0.0
4,534,2.05,499.509103,9511.058521,499.57325,9569.585554,17473.940672,-0.038463,-0.039069,0.011413,0.024416,0.033567,-135.012268,0.0,0.0,0.0,0.0,0.0,0.0,0,0,0,0,0,0,0,0,0,0,0,0,0,0,0,371.338135,411.101227,458.492859,561.484985,462.30368,414.462128,371.128723,410.407593,457.718567,560.535583,461.649536,413.876221,370.00235,409.814178,457.057495,559.727234,462.427887,414.573517,370.192719,410.518738,457.84259,560.687622,463.089386,415.166962,37.787189,105501.085453,22.479567,152.141077,0,false,false,0.0,-204.66,0,0.0,1.0,0.0
4,535,2.1,499.505872,27789.435606,499.57071,27730.843736,17473.940642,0.053748,0.037454,0.006826,0.024667,0.037719,-135.01265,0.0,0.0,0.0,0.0,0.0,0.0,0,0,0,0,0,0,0,0,0,0,0,0,0,0,0,371.340607,411.104736,458.49585,561.487061,462.304901,414.462372,371.129608,410.406372,457.716309,560.53125,461.646576,413.872742,369.99585,409.809265,457.051086,559.717834,462.430237,414.574768,370.187744,410.518524,457.841461,560.684631,463.095886,415.171936,37.78722,105501.100128,23.172378,144.497977,0,false,false,0.0,-204.65,0,0.0,1.0,0.0
4,536,2.15,499.506455,9511.057939,499.571631,9569.584634,17473.940667,0.005164,0.00194,0.000668,0.024465,0.034192,-135.013123,0.0,0.0,0.0,0.0,0.0,0.0,0,0,0,0,0,0,0,0,0,0,0,0,0,0,0,371.337097,411.102692,458.492371,561.480835,462.306854,414.463043,371.125854,410.405182,457.713776,560.526184,461.650055,413.874756,369.994049,409.809418,457.050049,559.714539,462.432739,414.575928,370.186249,410.517822,457.839478,560.680237,463.096893,415.171783,37.787193,105501.089773,24.061966,150.991641,0,false,false,0.0,-204.64,0,0.0,0.0,0.0
4,537,2.2,499.506523,27789.435538,499.57178,27730.843586,17473.940722,0.0,0.0,0.0,0.023972,0.032084,-135.013611,0.0,0.0,0.0,0.0,0.0,0.0,0,0,0,0,0,0,0,0,0,0,0,0,0,0,0,371.334381,411.101624,458.48999,561.475891,462.309021,414.463928,371.123047,410.404205,457.711487,560.521423,461.652466,413.875854,369.991577,409.808655,457.048004,559.710083,462.435028,414.576935,370.183838,410.516968,457.837341,560.675598,463.098938,415.172546,37.78714,105501.083786,24.94477,154.873957,0,false,false,0.0,-204.63,0,0.0,0.0,0.0
4,538,2.25,499.50201,9511.062451,499.56819,9569.588224,17473.940657,-0.055848,-0.068471,0.019643,0.024519,0.037887,-135.013855,0.0,0.0,0.0,0.0,0.0,0.0,0,0,0,0,0,0,0,0,0,0,0,0,0,0,0,371.339355,411.107117,458.495483,561.481628,462.309418,414.463745,371.125916,410.403076,457.709656,560.518127,461.647003,413.870422,369.984009,409.802277,457.040314,559.699646,462.436951,414.578094,370.178375,410.517212,457.836975,560.674194,463.10672,415.178955,37.787205,105501.104552,25.394145,144.189056,0,false,false,0.0,-204.62,0,0.0,0.0,0.0
4,539,2.3,499.502775,27789.434773,499.569464,27730.842312,17473.940657,0.017535,0.015587,0.002023,0.024563,0.033673,-135.014297,0.0,0.0,0.0,0.0,0.0,0.0,0,0,0,0,0,0,0,0,0,0,0,0,0,0,0,371.335724,411.104706,458.49173,561.475159,462.311096,414.464233,371.121857,410.401825,457.707123,560.513184,461.650757,413.872772,369.982666,409.802887,457.039856,559.697205,462.439453,414.579315,370.17746,410.516693,457.835297,560.670227,463.107147,415.178345,37.787205,105501.092017,26.225967,151.948711,0,false,false,0.0,-204.61,0,0.0,0.0,0.0
4,540,2.35,499.502617,9511.06261,499.569575,9569.588113,17473.940687,-0.092031,-0.084608,0.025303,0.024292,0.031835,-135.014786,0.0,0.0,0.0,0.0,0.0,0.0,0,0,0,0,0,0,0,0,0,0,0,0,0,0,0,371.333313,411.103821,458.489532,561.470459,462.31311,414.464966,371.11908,410.400696,457.704681,560.508179,461.652924,413.873657,369.979858,409.801941,457.037598,559.692505,462.441895,414.580444,370.175018,410.515961,457.833282,560.665833,463.109436,415.179291,37.787174,105501.086897,27.108748,155.333955,0,false,false,0.0,-204.6,0,0.0,0.0,0.0
4,541,2.4,499.498438,27789.438951,499.566246,27730.845641,17473.940631,0.009551,-0.004446,0.001763,0.024759,0.037747,-135.015091,0.0,0.0,0.0,0.0,0.0,0.0,0,0,0,0,0,0,0,0,0,0,0,0,0,0,0,371.337494,411.108765,458.494293,561.475037,462.313873,414.464935,371.121307,410.399506,457.702606,560.504395,461.648254,413.868774,369.972412,409.795868,457.03009,559.682068,462.444061,414.581696,370.169556,410.516022,457.832611,560.663696,463.117004,415.185394,37.787231,105501.107526,27.672497,144.447458,0,false,false,0.0,-204.59,0,0.0,0.0,0.0
4,542,2.45,499.499293,9511.061756,499.567752,9569.586607,17473.940612,0.0,0.0,0.0,0.024988,0.03309,-135.015472,0.0,0.0,0.0,0.0,0.0,0.0,0,0,0,0,0,0,0,0,0,0,0,0,0,0,0,371.334076,411.106262,458.49054,561.468872,462.315125,414.46521,371.11731,410.398285,457.700287,560.499939,461.651947,413.871216,369.971588,409.796844,457.030243,559.680603,462.44635,414.582886,370.169281,410.515717,457.831329,560.660583,463.116852,415.184418,37.787251,105501.093579,28.379953,153.023143,1,true,false,0.0,-204.58,0,1.0,0.0,0.0
4,543,2.5,499.498134,27789.44011,499.566883,27730.84651,17473.940622,0.037858,0.035006,0.004388,0.02488,0.033778,-135.015823,0.0,0.0,0.0,0.0,0.0,0.0,0,0,0,0,0,0,0,0,0,0,0,0,0,0,0,371.333801,411.107086,458.490601,561.467468,462.316498,414.465668,371.116425,410.3974,457.698425,560.496277,461.651917,413.870422,369.968109,409.794708,457.026978,559.675171,462.448212,414.583801,370.166412,410.515289,457.829956,560.657471,463.120148,415.186584,37.787239,105501.096669,29.021945,151.755703,0,true,false,0.0,-204.57,0,1.0,0.0,0.0
4,544,2.55,499.495101,9511.064789,499.56462,9569.58887,17473.94058,0.035205,0.021633,0.004563,0.025249,0.037415,-135.016281,0.0,0.0,0.0,0.0,0.0,0.0,0,0,0,0,0,0,0,0,0,0,0,0,0,0,0,371.335541,411.110107,458.492828,561.468323,462.318024,414.466003,371.116547,410.395996,457.695709,560.491028,461.64975,413.867432,369.961456,409.789948,457.020569,559.665466,462.450989,414.585266,370.161346,410.514984,457.828522,560.653748,463.126617,415.191345,37.787281,105501.109599,29.863688,145.059633,0,true,false,0.0,-204.56,0,1.0,0.0,0.0
4,545,2.6,499.494433,27789.440778,499.564509,27730.846621,17473.940573,0.06966,0.057534,0.00844,0.025323,0.036221,-135.016739,0.0,0.0,0.0,0.0,0.0,0.0,0,0,0,0,0,0,0,0,0,0,0,0,0,0,0,371.333923,411.109772,458.491333,561.4646,462.319702,414.466492,371.114136,410.394684,457.693146,560.485962,461.651245,413.867767,369.958069,409.788513,457.017822,559.660156,462.453583,414.586548,370.158783,410.514496,457.826843,560.649841,463.129395,415.19281,37.787289,105501.106859,30.708755,147.259284,0,true,false,0.0,-204.55,0,0.0,0.0,0.0
4,546,2.65,499.495492,9511.06373,499.565532,9569.587847,17473.940649,0.0,0.0,0.0,0.024645,0.032103,-135.017227,0.0,0.0,0.0,0.0,0.0,0.0,0,0,0,0,0,0,0,0,0,0,0,0,0,0,0,371.329803,411.10733,458.487396,561.457764,462.32196,414.467438,371.110291,410.393768,457.690948,560.481262,461.655151,413.870209,369.95694,409.789093,457.017273,559.657532,462.45578,414.587433,370.157379,410.51355,457.824585,560.645081,463.129913,415.1922,37.787212,105501.094271,31.592736,154.841347,0,true,false,0.0,-204.54,0,0.0,0.0,0.0
4,547,2.7,499.490914,27789.445356,499.561453,27730.8507,17473.940644,0.187643,0.160841,0.023042,0.024634,0.03942,-135.017624,0.0,0.0,0.0,0.0,0.0,0.0,0,0,0,0,0,0,0,0,0,0,0,0,0,0,0,371.334076,411.112946,458.492676,561.462585,462.323425,414.467865,371.112946,410.39267,457.688751,560.47699,461.649963,413.864655,369.948425,409.782013,457.008423,559.645081,462.458069,414.588593,370.150482,410.513184,457.823181,560.641724,463.138885,415.199341,37.787216,105501.119082,32.327308,141.369438,0,true,false,0.0,-204.53,0,0.0,0.0,0.0
4,548,2.75,499.492812,9511.061831,499.563762,9569.585538,17473.940657,-0.072414,-0.069041,0.020491,0.024564,0.032914,-135.018082,0.0,0.0,0.0,0.0,0.0,0.0,0,0,0,0,0,0,0,0,0,0,0,0,0,0,0,371.328796,411.108917,458.487061,561.453796,462.325226,414.468445,371.107605,410.391449,457.686218,560.471985,461.655548,413.868622,369.948608,409.78418,457.009674,559.644714,462.460541,414.589783,370.150726,410.512543,457.82135,560.637573,463.137573,415.197144,37.787205,105501.099111,33.177458,153.348665,0,true,false,0.0,-204.52,0,0.0,0.0,0.0
4,549,2.8,499.491469,27789.446699,499.562877,27730.851586,17473.940659,-0.041146,-0.040433,0.011899,0.024552,0.033363,-135.018555,0.0,0.0,0.0,0.0,0.0,0.0,0,0,0,0,0,0,0,0,0,0,0,0,0,0,0,371.328125,411.10968,458.486725,561.451477,462.327026,414.468994,371.106079,410.390228,457.683716,560.46698,461.655884,413.867889,369.944214,409.781677,457.005707,559.637878,462.463104,414.591034,370.147186,410.511993,457.81958,560.633423,463.141602,415.199677,37.787201,105501.101611,34.037635,152.522097,0,true,false,0.0,-204.51,0,0.0,0.0,0.0
4,550,2.85,499.488905,9511.064396,499.560761,9569.587653,17473.94066,0.08152,0.065905,0.009953,0.024515,0.036471,-135.018982,0.0,0.0,0.0,0.0,0.0,0.0,0,0,0,0,0,0,0,0,0,0,0,0,0,0,0,371.329346,411.112274,458.488556,561.451904,462.328705,414.469543,371.106201,410.389099,457.681366,560.46228,461.654114,413.865326,369.938324,409.777435,456.999939,559.629028,462.465485,414.592194,370.142426,410.511505,457.817963,560.6297,463.14743,415.203949,37.787201,105501.112777,34.835025,146.800347,0,true,false,0.0,-204.5,0,0.0,0.0,0.0
4,551,2.9,499.488758,27789.446846,499.561032,27730.851314,17473.940672,0.0,0.0,0.0,0.024416,0.034375,-135.01944,0.0,0.0,0.0,0.0,0.0,0.0,0,0,0,0,0,0,0,0,0,0,0,0,0,0,0,371.327026,411.111298,458.486328,561.447266,462.330475,414.470093,371.103333,410.387909,457.678894,560.457397,461.656311,413.866272,369.935669,409.776642,456.997925,559.624695,462.467957,414.593384,370.140289,410.510925,457.816193,560.62561,463.149475,415.204742,37.787189,105501.106967,35.676757,150.659894,0,true,false,0.0,-204.49,0,0.0,0.0,0.0
4,552,2.95,499.488817,9511.064337,499.561403,9569.587283,17473.940697,-0.06218,-0.056727,0.016951,0.024195,0.031996,-135.019928,0.0,0.0,0.0,0.0,0.0,0.0,0,0,0,0,0,0,0,0,0,0,0,0,0,0,0,371.324219,411.110046,458.483734,561.442078,462.332489,414.470825,371.100189,410.386719,457.676392,560.452271,461.658936,413.867523,369.933136,409.776001,456.996002,559.6203,462.47049,414.594543,370.138092,410.510223,457.814178,560.621155,463.151398,415.205383,37.787163,105501.100006,36.577028,155.041539,0,true,false,0.0,-204.48,0,0.0,0.0,0.0
4,553,3.0,499.484049,27789.451614,499.557499,27730.855218,17473.940638,0.151688,0.126765,0.01874,0.024688,0.039247,-135.020309,0.0,0.0,0.0,0.0,0.0,0.0,0,0,0,0,0,0,0,0,0,0,0,0,0,0,0,371.328796,411.115662,458.489044,561.447021,462.333618,414.470978,371.102661,410.385376,457.67392,560.447693,461.653687,413.861969,369.924438,409.768951,456.987183,559.60791,462.473022,414.595978,370.1315,410.510132,457.813141,560.618286,463.160309,415.212524,37.787224,105501.124664,37.290686,141.690366,0,true,false,0.0,-204.47,0,0.0,0.0,0.0
4,554,3.05,499.48567,9511.062715,499.559496,9569.585286,17473.940639,-0.036424,-0.037207,0.010856,0.024717,0.033854,-135.020645,0.0,0.0,0.0,0.0,0.0,0.0,0,0,0,0,0,0,0,0,0,0,0,0,0,0,0,371.324677,411.112366,458.484589,561.440186,462.334808,414.471283,371.09845,410.38446,457.672089,560.444092,461.658142,413.865204,369.924988,409.770935,456.988617,559.608337,462.474823,414.596863,370.132141,410.509766,457.81192,560.615417,463.158844,415.21048,37.78722,105501.108091,37.884113,151.620342,0,true,false,0.0,-204.46,0,0.0,0.0,0.0
4,555,3.1,499.484813,27789.452472,499.558859,27730.855855,17473.940679,0.0,0.0,0.0,0.024356,0.033578,-135.021103,0.0,0.0,0.0,0.0,0.0,0.0,0,0,0,0,0,0,0,0,0,0,0,0,0,0,0,371.323303,411.112579,458.483612,561.437073,462.336823,414.472046,371.096649,410.383392,457.669739,560.43927,461.659088,413.865021,369.921265,409.768951,456.985229,559.602234,462.477203,414.597931,370.128876,410.509033,457.809937,560.611084,463.162262,415.212463,37.787182,105501.108101,38.750794,152.128459,0,true,false,0.0,-204.45,0,0.0,0.0,0.0
4,556,3.15,499.485058,9511.06247,499.559217,9569.584929,17473.940733,-0.05564,-0.04774,0.014333,0.023868,0.031085,-135.021561,0.0,0.0,0.0,0.0,0.0,0.0,0,0,0,0,0,0,0,0,0,0,0,0,0,0,0,371.320435,411.111237,458.480988,561.431946,462.338867,414.472839,371.093689,410.382416,457.667542,560.434692,461.661713,413.866364,369.919128,409.768494,456.983582,559.598328,462.479431,414.598877,370.126801,410.508209,457.807892,560.606689,463.16391,415.212921,37.787128,105501.10064,39.596537,156.72,0,true,false,0.0,-204.44,0,0.0,0.0,0.0
4,557,3.2,499.481253,27789.456277,499.556418,27730.858654,17473.940653,0.035687,0.024329,0.004519,0.024576,0.036049,-135.021912,0.0,0.0,0.0,0.0,0.0,0.0,0,0,0,0,0,0,0,0,0,0,0,0,0,0,0,371.323822,411.115417,458.484802,561.43512,462.339691,414.472809,371.095032,410.381042,457.665131,560.430298,461.65799,413.862213,369.911987,409.763031,456.976624,559.588379,462.481903,414.600311,370.121735,410.508301,457.807129,560.604309,463.170959,415.218445,37.787209,105501.118248,40.239957,147.579637,0,true,false,0.0,-204.43,0,0.0,0.0,0.0
4,558,3.25,499.481264,9511.062459,499.556755,9569.584591,17473.940678,0.002834,0.000778,0.000288,0.024367,0.033726,-135.0224,0.0,0.0,0.0,0.0,0.0,0.0,0,0,0,0,0,0,0,0,0,0,0,0,0,0,0,371.321106,411.114197,458.482239,561.429993,462.341675,414.473511,371.091919,410.379852,457.662598,560.425171,461.660522,413.863403,369.909363,409.762329,456.97464,559.583923,462.484436,414.601501,370.119507,410.507599,457.805115,560.599792,463.172943,415.219147,37.787182,105501.111583,41.140374,151.85799,0,true,false,0.0,-204.42,0,0.0,0.0,0.0
4,559,3.3,499.479965,27789.457576,499.555894,27730.859515,17473.940665,-0.001001,-0.004723,0.001294,0.024483,0.03456,-135.022736,0.0,0.0,0.0,0.0,0.0,0.0,0,0,0,0,0,0,0,0,0,0,0,0,0,0,0,371.321106,411.115173,458.482483,561.428894,462.342896,414.473846,371.091095,410.378906,457.660706,560.421509,461.660309,413.862488,369.905792,409.760132,456.971344,559.578552,462.486328,414.602478,370.11673,410.507294,457.803955,560.596985,463.17627,415.221375,37.787197,105501.115072,41.750309,150.320985,0,true,false,0.0,-204.41,0,0.0,0.0,0.0
4,560,3.35,499.478606,9511.063817,499.555449,9569.585036,17473.940623,0.0,0.0,0.0,0.024879,0.03387,-135.023224,0.0,0.0,0.0,0.0,0.0,0.0,0,0,0,0,0,0,0,0,0,0,0,0,0,0,0,371.320251,411.11554,458.481689,561.425903,462.344421,414.474121,371.088837,410.377289,457.657684,560.415771,461.661133,413.862122,369.901306,409.757843,456.967621,559.571899,462.48938,414.604095,370.113647,410.506989,457.802429,560.59314,463.180023,415.223633,37.787239,105501.114164,42.654606,151.59354,0,true,false,0.0,-204.4,0,0.0,0.0,0.0
4,561,3.4,499.477091,27789.459092,499.554281,27730.860683,17473.940643,0.080013,0.070013,0.009523,0.024687,0.034818,-135.023712,0.0,0.0,0.0,0.0,0.0,0.0,0,0,0,0,0,0,0,0,0,0,0,0,0,0,0,371.319733,411.116577,458.481659,561.423889,462.346375,414.474792,371.087585,410.376099,457.655212,560.410706,461.661163,413.861084,369.896606,409.754974,456.963226,559.564575,462.491913,414.605286,370.109711,410.506348,457.800507,560.588745,463.184479,415.226562,37.787216,105501.118194,43.540959,149.847643,0,true,false,0.0,-204.39,0,0.0,0.0,0.0
4,562,3.45,499.477547,9511.063361,499.555075,9569.584242,17473.940665,-0.106437,-0.09653,0.028967,0.024506,0.031532,-135.024185,0.0,0.0,0.0,0.0,0.0,0.0,0,0,0,0,0,0,0,0,0,0,0,0,0,0,0,371.316498,411.114746,458.478455,561.41803,462.348297,414.475464,371.084045,410.374939,457.65274,560.405762,461.664368,413.862885,369.894745,409.754974,456.962067,559.561218,462.494354,414.606445,370.108124,410.505676,457.798615,560.584473,463.185638,415.226532,37.787197,105501.108184,44.403297,155.898614,0,true,false,0.0,-204.38,0,0.0,0.0,0.0
4,563,3.5,499.476943,27789.459696,499.55467,27730.861088,17473.940703,-0.001138,0.008176,0.001437,0.024163,0.030628,-135.024597,0.0,0.0,0.0,0.0,0.0,0.0,0,0,0,0,0,0,0,0,0,0,0,0,0,0,0,371.315033,411.114685,458.477325,561.414917,462.350098,414.476105,371.082214,410.373993,457.650635,560.401428,461.665497,413.862976,369.891632,409.753418,456.95929,559.556091,462.49649,414.607391,370.105377,410.505005,457.796814,560.580566,463.188416,415.228088,37.787159,105501.106095,45.177924,157.5632,0,true,false,0.0,-204.37,0,0.0,0.0,0.0
4,564,3.55,499.477827,9511.062477,499.554975,9569.583937,17473.940852,-0.05487,-0.035317,0.01148,0.022783,0.027676,-135.025055,0.0,0.0,0.0,0.0,0.0,0.0,0,0,0,0,0,0,0,0,0,0,0,0,0,0,0,371.311371,411.112915,458.474243,561.409241,462.352661,414.477417,371.079437,410.373535,457.649017,560.397583,461.668579,413.864716,369.89035,409.753418,456.95816,559.552795,462.498138,414.607849,370.10321,410.503693,457.79425,560.5755,463.189575,415.228088,37.78701,105501.096632,46.019323,162.999121,0,true,false,0.0,-204.36,0,0.0,0.0,0.0
4,565,3.6,499.475779,27789.461744,499.552725,27730.863338,17473.940943,0.0,0.0,0.0,0.021919,0.030661,-135.025467,0.0,0.0,0.0,0.0,0.0,0.0,0,0,0,0,0,0,0,0,0,0,0,0,0,0,0,371.312073,411.115295,458.475891,561.409546,462.354736,414.478363,371.079926,410.372925,457.647308,560.393799,461.666992,413.862366,369.885223,409.749512,456.952789,559.544556,462.499878,414.60849,370.098328,410.502777,457.792206,560.57135,463.194977,415.232056,37.786919,105501.107692,46.772424,157.501383,0,true,false,0.0,-204.35,0,0.0,0.0,0.0
4,566,3.65,499.471919,9511.066337,499.550145,9569.586517,17473.940826,-0.038235,-0.04637,0.013244,0.022974,0.034596,-135.025604,0.0,0.0,0.0,0.0,0.0,0.0,0,0,0,0,0,0,0,0,0,0,0,0,0,0,0,371.31662,411.119751,458.480499,561.414612,462.354401,414.477722,371.082062,410.371704,457.645599,560.391113,461.662415,413.857941,369.87915,409.744537,456.946899,559.536743,462.501617,414.609741,370.094635,410.503448,457.792603,560.571228,463.200958,415.237061,37.787033,105501.122692,47.040869,150.256731,0,true,false,0.0,-204.34,0,0.0,0.0,0.0
4,567,3.7,499.470625,27789.463037,499.549699,27730.863784,17473.940773,0.001089,-0.006417,0.001629,0.02347,0.034399,-135.02597,0.0,0.0,0.0,0.0,0.0,0.0,0,0,0,0,0,0,0,0,0,0,0,0,0,0,0,371.316406,411.120331,458.480255,561.412842,462.355377,414.477814,371.080536,410.370422,457.64325,560.38678,461.662659,413.857361,369.875458,409.742584,456.943817,559.531494,462.503967,414.611053,370.092255,410.503387,457.791626,560.568604,463.204041,415.239014,37.787086,105501.123108,47.6988,150.620101,0,true,false,0.0,-204.33,0,0.0,0.0,0.0
4,568,3.75,499.470941,9511.066022,499.550343,9569.585873,17473.940775,-0.005054,-0.002225,0.000999,0.023477,0.031887,-135.026306,0.0,0.0,0.0,0.0,0.0,0.0,0,0,0,0,0,0,0,0,0,0,0,0,0,0,0,371.314087,411.118988,458.477905,561.408569,462.356659,414.47821,371.077911,410.369507,457.641449,560.383179,461.664978,413.858704,369.874146,409.742615,456.943054,559.529175,462.505798,414.611938,370.091248,410.502991,457.790344,560.565613,463.204803,415.238953,37.787086,105501.115446,48.311712,155.245114,0,true,false,0.0,-204.32,0,0.0,0.0,0.0
4,569,3.8,499.467914,27789.466065,499.548145,27730.865983,17473.940723,0.0,0.0,0.0,0.023928,0.035434,-135.026657,0.0,0.0,0.0,0.0,0.0,0.0,0,0,0,0,0,0,0,0,0,0,0,0,0,0,0,371.316345,411.122131,458.48056,561.410278,462.357666,414.478302,371.078491,410.368225,457.63913,560.378845,461.662415,413.855591,369.868011,409.738129,456.937164,559.520447,462.508148,414.613251,370.086792,410.50293,457.789398,560.562988,463.210754,415.2435,37.787136,105501.128243,48.972998,148.715695,0,true,false,0.0,-204.31,0,0.0,0.0,0.0
4,570,3.85,499.467911,9511.066024,499.548637,9569.585381,17473.940719,-0.033841,-0.033558,0.009831,0.023991,0.032948,-135.02713,1.0,0.0,0.0,0.0,0.0,0.0,0,0,0,0,0,0,0,0,0,0,0,0,0,0,0,371.313751,411.12088,458.477997,561.405212,462.359436,414.478821,371.075317,410.366974,457.636566,560.373779,461.664978,413.856842,369.86554,409.737579,456.935394,559.516418,462.510712,414.614502,370.0849,410.50238,457.787659,560.558899,463.212524,415.244049,37.787144,105501.120945,49.827558,153.293518,0,true,false,0.0,-204.3,0,0.0,0.0,0.0
4,571,3.9,499.463961,27789.470015,499.545501,27730.869118,17473.940669,0.082193,0.062115,0.010241,0.024403,0.038493,-135.027496,1.0,0.0,0.0,0.0,0.0,0.0,0,0,0,0,0,0,0,0,0,0,0,0,0,0,0,371.31723,411.125366,458.482086,561.408691,462.360535,414.479004,371.076935,410.365692,457.634216,560.369385,461.66095,413.852417,369.858063,409.73172,456.927917,559.505737,462.513153,414.615845,370.079285,410.502289,457.786621,560.556091,463.220093,415.249969,37.787193,105501.139968,50.518296,143.083213,0,true,false,0.0,-204.29,0,0.0,0.0,0.0
4,572,3.95,499.463865,9511.06612,499.546208,9569.584674,17473.940626,-0.044479,-0.050623,0.014607,0.024836,0.035643,-135.027817,1.0,0.0,0.0,0.0,-0.349751,0.559601,0,0,0,0,0,0,0,0,0,0,0,0,0,0,0,371.315582,411.124298,458.480133,561.405029,462.361298,414.479004,371.07431,410.364502,457.632111,560.365479,461.662872,413.853455,369.856323,409.731537,456.926971,559.503235,462.515259,414.617035,370.078522,410.502258,457.785828,560.553833,463.221039,415.250122,37.787235,105501.132013,51.088435,148.331231,0,true,false,0.0,-204.28,0,0.0,0.0,0.0
4,573,4.0,499.463466,27789.470415,499.546129,27730.869198,17473.94065,0.016594,0.01293,0.001993,0.02462,0.034221,-135.028275,1.0,0.0,0.0,0.0,-0.050482,1.564939,0,0,0,0,0,0,0,0,0,0,0,0,0,0,0,371.313538,411.123749,458.478333,561.400879,462.36322,414.479675,371.071808,410.363342,457.629669,560.360596,461.664673,413.854004,369.853241,409.730286,456.924408,559.498169,462.5177,414.618164,370.075897,410.501587,457.783905,560.549561,463.223602,415.251373,37.787212,105501.128214,51.951682,150.95128,0,true,false,0.0,-204.27,0,0.0,0.0,0.0
4,574,4.05,499.463664,9511.065922,499.546742,9569.584061,17473.940663,0.0,0.0,0.0,0.02452,0.031382,-135.028748,1.0,0.0,0.0,0.0,-0.177969,2.254272,0,0,0,0,0,0,0,0,0,0,0,0,0,0,0,371.310699,411.122253,458.475555,561.395569,462.365021,414.480255,371.068542,410.362152,457.627228,560.355652,461.66745,413.855469,369.851074,409.730011,456.922943,559.494507,462.520172,414.619354,370.074188,410.501007,457.782135,560.545471,463.225067,415.251678,37.787197,105501.119613,52.794905,156.178553,0,true,false,0.0,-204.26,0,0.0,0.0,0.0
4,575,4.1,499.459141,27789.474938,499.543123,27730.872816,17473.940604,0.060114,0.043342,0.007572,0.025018,0.038045,-135.029099,1.0,0.0,0.0,0.0,-0.793062,2.577451,0,0,0,0,0,0,0,0,0,0,0,0,0,0,0,371.315063,411.127563,458.48056,561.400269,462.365997,414.480316,371.070801,410.36084,457.624847,560.351318,461.662506,413.85022,369.842865,409.723389,456.914703,559.48291,462.522614,414.620728,370.068085,410.501007,457.78125,560.542908,463.233429,415.258362,37.787258,105501.142484,53.459118,143.909777,0,true,false,0.0,-204.25,0,0.0,0.0,0.0
4,576,4.15,499.458618,9511.066444,499.543341,9569.583843,17473.940552,-0.034886,-0.042989,0.012246,0.025513,0.036713,-135.029343,1.0,0.0,0.0,0.0,-0.877972,2.194929,0,0,0,0,0,0,0,0,0,0,0,0,0,0,0,371.314392,411.127289,458.479675,561.398132,462.366547,414.480225,371.069122,410.359802,457.623108,560.348145,461.663422,413.850494,369.840851,409.722687,456.9133,559.480164,462.524353,414.621765,370.067078,410.501068,457.780701,560.541199,463.234833,415.259064,37.787308,105501.139093,53.912241,146.363491,0,true,false,0.0,-204.24,0,0.0,0.0,0.0
4,577,4.2,499.45779,27789.475766,499.543232,27730.872925,17473.940517,-0.006961,-0.011618,0.003089,0.025852,0.03563,-135.029785,1.0,0.0,0.0,0.0,-0.361921,0.434305,0,0,0,0,0,0,0,0,0,0,0,0,0,0,0,371.31311,411.127136,458.478424,561.394775,462.367981,414.48056,371.066803,410.358459,457.620514,560.34314,461.664673,413.850647,369.837402,409.721161,456.910522,559.474976,462.526978,414.623138,370.064667,410.500763,457.779266,560.537659,463.23764,415.26059,37.787342,105501.136556,54.711787,148.359093,0,true,false,0.0,-204.23,0,0.0,0.0,0.0
4,578,4.25,499.455461,9511.068773,499.541775,9569.5853,17473.940465,0.0,0.0,0.0,0.026321,0.037472,-135.030167,1.0,0.0,0.0,0.0,0.0,0.0,0,0,0,0,0,0,0,0,0,0,0,0,0,0,0,371.31424,411.129181,458.479767,561.394836,462.369049,414.480652,371.066376,410.357086,457.618042,560.338562,461.663361,413.848602,369.832184,409.717651,456.905701,559.467529,462.52948,414.624512,370.060974,410.500671,457.778229,560.534851,463.242523,415.264099,37.787395,105501.143582,55.412506,144.967672,0,true,false,0.0,-204.22,0,0.0,0.0,0.0
4,579,4.3,499.454094,27789.477133,499.541279,27730.873421,17473.940416,0.006134,-0.001493,0.000914,0.026789,0.037237,-135.030518,1.0,0.0,0.0,0.0,0.0,0.0,0,0,0,0,0,0,0,0,0,0,0,0,0,0,0,371.314117,411.129852,458.479614,561.393188,462.370026,414.480713,371.064911,410.355774,457.615662,560.334167,461.663513,413.847931,369.8284,409.715607,456.902527,559.462158,462.53186,414.625854,370.058533,410.50061,457.777283,560.532166,463.245728,415.266174,37.787445,105501.143956,56.073838,145.400167,0,true,false,0.0,-204.21,0,0.0,0.0,0.0
4,580,4.35,499.454628,9511.068238,499.542072,9569.584506,17473.940434,-0.01128,-0.006878,0.002339,0.026642,0.034263,-135.030914,1.0,0.0,0.0,0.0,0.0,0.0,0,0,0,0,0,0,0,0,0,0,0,0,0,0,0,371.311218,411.128143,458.476746,561.388062,462.371582,414.481262,371.061829,410.354828,457.613678,560.330139,461.666382,413.84964,369.827087,409.71582,456.901825,559.459717,462.533844,414.62677,370.057434,410.500061,457.775726,560.528687,463.246399,415.26593,37.787426,105501.134949,56.778077,150.877741,0,true,false,0.0,-204.2,0,0.0,0.0,0.0
4,581,4.4,499.451829,27789.479933,499.539607,27730.875886,17473.940459,0.127509,0.109186,0.015321,0.026377,0.037936,-135.031372,1.0,0.0,0.0,0.0,0.0,0.0,0,0,0,0,0,0,0,0,0,0,0,0,0,0,0,371.312653,411.131134,458.478943,561.388855,462.373474,414.481934,371.062225,410.353699,457.611298,560.325317,461.664246,413.84671,369.820679,409.711121,456.895416,559.449951,462.536285,414.62793,370.052063,410.499451,457.773895,560.524536,463.252869,415.270691,37.787403,105501.147666,57.629111,144.114315,0,true,false,0.0,-204.19,0,0.0,0.0,0.0
4,582,4.45,499.452542,9511.067524,499.540559,9569.583555,17473.9405,0.0,0.0,0.0,0.026024,0.034175,-135.03186,1.0,0.0,0.0,0.0,0.0,0.0,0,0,0,0,0,0,0,0,0,0,0,0,0,0,0,371.308929,411.128937,458.475281,561.382324,462.375549,414.482697,371.05838,410.35257,457.608826,560.320251,461.667877,413.848846,369.819031,409.711365,456.894501,559.446777,462.538788,414.629028,370.050537,410.498657,457.77179,560.519958,463.253815,415.270416,37.787361,105501.136302,58.535182,151.03923,0,true,false,0.0,-204.18,0,0.0,0.0,0.0
4,583,4.5,499.453093,27789.479383,499.540894,27730.875551,17473.940598,-0.017986,-0.008735,0.003502,0.025123,0.031377,-135.032318,1.0,0.0,0.0,0.0,0.0,0.0,0,0,0,0,0,0,0,0,0,0,0,0,0,0,0,371.305664,411.127411,458.472412,561.376953,462.377869,414.483734,371.055511,410.351837,457.606873,560.315979,461.670715,413.850403,369.817291,409.711121,456.893097,559.443176,462.540741,414.629761,370.048401,410.497589,457.76947,560.515198,463.255219,415.27066,37.787262,105501.127703,59.382571,156.190175,0,true,false,0.0,-204.17,0,0.0,0.0,0.0
4,584,4.55,499.448436,9511.072182,499.536961,9569.587487,17473.94056,0.098888,0.079433,0.012124,0.025418,0.038545,-135.032715,1.0,0.0,0.0,0.0,0.0,0.0,0,0,0,0,0,0,0,0,0,0,0,0,0,0,0,371.310028,411.132965,458.477631,561.381714,462.37915,414.484009,371.057953,410.350586,457.604492,560.311401,461.665588,413.84491,369.808685,409.704132,456.884277,559.430786,462.543213,414.631104,370.041687,410.497406,457.76828,560.512085,463.26413,415.27774,37.7873,105501.152073,60.117688,142.992871,0,true,false,0.0,-204.16,0,0.0,0.0,0.0
4,585,4.6,499.448918,27789.478901,499.537973,27730.874539,17473.940562,-0.035761,-0.038317,0.011104,0.025439,0.034946,-135.033203,1.0,0.0,0.0,0.0,0.0,0.0,0,0,0,0,0,0,0,0,0,0,0,0,0,0,0,371.306671,411.13092,458.474182,561.375488,462.380951,414.484528,371.054077,410.349274,457.601837,560.306213,461.669037,413.846924,369.806824,409.704285,456.883301,559.427551,462.545868,414.632416,370.040344,410.496857,457.766479,560.507935,463.265137,415.277557,37.7873,105501.141322,60.996313,149.619815,0,true,false,0.0,-204.15,0,0.0,0.0,0.0
4,586,4.65,499.449173,9511.071927,499.538327,9569.587134,17473.940617,-0.060291,-0.054187,0.016221,0.024945,0.032396,-135.033676,1.0,0.0,0.0,0.0,0.0,0.0,0,0,0,0,0,0,0,0,0,0,0,0,0,0,0,371.303711,411.129578,458.471497,561.370178,462.383087,414.485382,371.051056,410.348267,457.599548,560.301392,461.671722,413.848267,369.804596,409.703796,456.881592,559.423523,462.548157,414.633392,370.038177,410.496002,457.764343,560.503357,463.266846,415.278046,37.787243,105501.133616,61.875003,154.315597,0,true,false,0.012477,-204.14,0,0.0,0.0,0.0
4,587,4.7,499.445374,27789.482699,499.534919,27730.877947,17473.940627,0.0,0.0,0.0,0.024802,0.03816,-135.034058,1.0,0.0,0.0,0.0,0.0,0.0,0,0,0,0,0,0,0,0,0,0,0,0,0,0,0,371.306946,411.134125,458.475586,561.373596,462.384613,414.48587,371.052948,410.34726,457.597443,560.297241,461.667694,413.843781,369.79718,409.697815,456.873932,559.412537,462.550323,414.63446,370.032104,410.495575,457.762909,560.499939,463.274597,415.284119,37.787235,105501.153276,62.598002,143.701754,0,true,false,0.046435,-204.13,0,0.0,0.0,0.0
4,588,4.75,499.447462,9511.069839,499.537363,9569.58469,17473.940648,-0.108333,-0.097496,0.02932,0.024661,0.031321,-135.034531,1.0,0.0,0.0,0.0,0.0,0.0,0,0,0,0,0,0,0,0,0,0,0,0,0,0,0,371.301361,411.129852,458.469696,561.364441,462.386475,414.486511,371.047424,410.346069,457.59494,560.292236,461.673553,413.847992,369.797577,409.700195,456.875427,559.412415,462.552795,414.63562,370.032471,410.494904,457.760986,560.495667,463.273071,415.281677,37.787212,105501.131651,63.460966,156.295418,0,true,false,0.080094,-204.12,0,0.0,0.0,0.0
4,589,4.8,499.44965,27789.480512,499.53874,27730.87657,17473.940811,-0.010386,0.011588,0.002468,0.023187,0.026274,-135.034851,1.0,0.0,0.0,0.0,0.0,0.0,0,0,0,0,0,0,0,0,0,0,0,0,0,0,0,371.296661,411.126648,458.465332,561.357788,462.38858,414.487671,371.044189,410.346039,457.594177,560.289978,461.677887,413.851166,369.798889,409.702179,456.876892,559.412964,462.553558,414.63559,370.032318,410.493683,457.758881,560.491821,463.271576,415.279663,37.787048,105501.11461,64.032445,165.587777,0,true,false,0.105258,-204.11,0,0.0,0.0,0.0
4,590,4.85,499.45667,9511.062818,499.541595,9569.581836,17473.941423,-0.14429,-0.029799,0.023995,0.017585,0.014872,-135.035294,1.0,0.0,0.0,0.0,0.0,0.0,0,0,0,0,0,0,0,0,0,0,0,0,0,0,0,371.28476,411.11853,458.45517,561.343567,462.394012,414.491577,371.038849,410.348206,457.59549,560.289795,461.687988,413.859222,369.805908,409.708527,456.882874,559.418457,462.552185,414.633392,370.032776,410.489746,457.753387,560.483276,463.265564,415.273254,37.786438,105501.072089,64.863737,186.577307,0,true,false,0.138763,-204.1,0,0.0,0.0,0.0
4,591,4.9,499.457639,27789.479543,499.541059,27730.877105,17473.932789,0.0,0.0,0.0,0.015598,0.014241,-135.035324,1.0,0.0,1.0,0.0,-0.139986,-0.069993,0,0,0,0,0,0,0,0,0,0,0,0,0,0,0,371.283356,411.118134,458.454651,561.342773,462.395416,414.492737,371.039459,410.349243,457.596558,560.290894,461.688538,413.859619,369.806915,409.708801,456.883057,559.418518,462.551117,414.632355,370.031769,410.488586,457.752014,560.481384,463.265381,415.27301,37.795071,105501.069678,64.938579,187.728148,0,true,false,0.174857,-204.09,0,0.0,0.0,0.0
4,592,4.95,499.457639,9511.062818,499.541059,9569.581836,17473.537077,0.0,0.0,10.803205,0.015598,0.014241,-135.035324,1.0,0.0,1.0,0.0,0.0,-0.069993,0,0,0,0,0,0,0,0,0,0,0,0,0,0,0,371.283356,411.118134,458.454651,561.342773,462.395416,414.492737,371.039459,410.349243,457.596558,560.290894,461.688538,413.859619,369.806915,409.708801,456.883057,559.418518,462.551117,414.632355,370.031769,410.488586,457.752014,560.481384,463.265381,415.27301,38.190784,105501.06958,64.938686,187.332436,0,true,false,0.207381,-204.08,0,0.0,0.0,0.0
4,593,5.0,499.457639,27789.479543,499.541059,27730.877105,17472.739881,0.0,0.0,19.918009,0.015598,0.014241,-135.035324,1.0,0.0,1.0,0.0,0.0,0.0,0,0,0,0,0,0,0,0,0,0,0,0,0,0,0,371.283356,411.118134,458.454651,561.342773,462.395416,414.492737,371.039459,410.349243,457.596558,560.290894,461.688538,413.859619,369.806915,409.708801,456.883057,559.418518,462.551117,414.632355,370.031769,410.488586,457.752014,560.481384,463.265381,415.27301,38.98798,105501.069381,64.938903,186.53524,0,true,false,0.239687,-204.07,0,0.0,0.0,0.0
4,594,5.05,499.555615,9510.964842,499.638968,9569.483927,17471.436071,-5.41312,-5.409395,24.318394,0.015598,0.014241,-135.035324,1.0,0.0,1.0,0.0,0.0,0.0,0,0,0,0,0,0,0,0,0,0,0,0,0,0,0,371.144897,410.974762,458.294769,561.146973,462.395477,414.492798,370.92334,410.349304,457.596588,560.291016,461.848511,414.003052,369.945404,409.852173,457.042938,559.614258,462.551086,414.632294,370.147888,410.488525,457.751953,560.481323,463.105377,415.129578,40.29179,105500.930546,64.939221,185.231464,0,true,false,0.273693,-204.06,0,0.0,0.0,0.0
4,595,5.1,500.246274,27788.788884,500.329152,27730.186921,17470.812022,-18.425939,-18.413257,5.581663,0.015598,0.014241,-135.035324,1.0,0.0,1.0,0.0,0.0,0.0,0,0,0,0,0,0,0,0,0,0,0,0,0,0,0,370.168701,409.964081,457.167725,559.766968,462.395874,414.493134,370.104797,410.34964,457.597015,560.291504,462.976379,415.014069,370.92157,410.862854,458.169983,560.994263,462.55069,414.631958,370.966431,410.48819,457.751556,560.480835,461.977509,414.118561,40.91584,105499.953987,64.939125,184.607658,0,true,false,0.306967,-204.05,0,0.0,0.0,0.0
4,596,5.15,501.202612,9510.008504,501.284831,9568.528247,17470.820254,-29.287243,-29.267085,-2.637212,0.015598,0.014241,-135.035324,1.0,0.0,1.0,0.0,0.0,0.0,0,0,0,0,0,0,0,0,0,0,0,0,0,0,0,368.817017,408.564636,455.607117,557.85614,462.396393,414.493622,368.971405,410.350159,457.597565,560.292175,464.538086,416.413971,372.273254,412.262299,459.730591,562.90509,462.55014,414.63147,372.099823,410.487671,457.751007,560.480164,460.415802,412.718658,40.907608,105498.601988,64.938754,184.616226,0,true,false,0.33109,-204.04,0,0.0,0.0,0.0
4,597,5.2,503.298565,27786.692931,503.379342,27728.092411,17471.21299,-46.552994,-46.52095,-9.236076,0.015598,0.014241,-135.035324,1.0,0.0,1.0,0.0,0.0,0.0,0,0,0,0,0,0,0,0,0,0,0,0,0,0,0,365.854584,405.497498,452.186859,553.668274,462.397614,414.49469,366.487427,410.351227,457.598755,560.29364,467.960815,419.482117,375.235687,415.329437,463.150879,566.653137,462.54895,414.630402,374.583801,410.486603,457.749786,559.846069,456.993073,409.650513,40.51487,105495.638981,64.93784,185.009698,0,true,false,0.364982,-204.03,0,0.0,0.0,0.0
4,598,5.25,506.237617,9507.069451,506.316371,9565.591218,17471.642702,-65.660652,-65.615463,-7.404675,0.015598,0.014241,-135.035324,1.0,0.0,1.0,0.0,0.0,0.0,0,0,0,0,0,0,0,0,0,0,0,0,0,0,0,361.700531,401.196625,447.390778,547.795837,462.399261,414.496185,363.004242,410.352753,457.600464,560.295715,472.760315,423.784424,379.389771,419.63031,467.94696,566.651062,462.547272,414.628906,373.714752,410.485077,457.748108,553.96637,452.193573,405.348206,40.085159,105491.48407,64.936591,185.440443,0,true,false,0.397496,-204.02,0,0.0,0.0,0.0
4,599,5.3,510.322556,27782.607993,510.398498,27724.010285,17471.77668,-87.805687,-87.745247,1.489618,0.015598,0.014241,-135.035324,1.0,0.0,1.0,0.0,0.0,0.0,0,0,0,0,0,0,0,0,0,0,0,0,0,0,0,355.926849,395.218903,440.724792,539.63385,462.401611,414.498291,368.694885,410.354858,457.602814,560.298584,479.431061,429.76413,385.163422,425.608002,474.612946,566.648254,462.544952,414.626801,377.007416,410.482971,457.745758,545.79425,445.522827,399.3685,39.95118,105485.709117,64.934982,185.575855,0,true,false,0.430747,-204.01,0,0.0,0.0,0.0
4,600,5.35,515.535659,9501.856348,515.608013,9560.381703,17471.224987,-112.396126,-112.318764,18.045589,0.015598,0.017679,-135.035324,1.0,0.0,1.0,0.0,0.069993,0.0,0,0,0,0,0,0,0,0,0,0,0,0,0,0,0,348.558624,387.590302,432.217804,529.217712,462.404572,414.500946,377.487,410.357574,457.605835,560.302307,487.944153,437.395264,392.531677,433.236633,483.119934,566.644592,462.541992,414.624176,385.781708,410.480286,457.742767,535.365173,437.009735,391.737366,40.502872,105478.349989,64.933125,178.696774,0,true,false,0.463432,-204.0,0,0.0,0.0,0.0
4,601,5.4,522.163408,27775.980244,522.231216,27717.387081,17469.595962,-139.891534,-139.79616,41.221002,0.0156,0.033255,-135.032715,1.0,0.0,1.0,0.0,0.069993,0.0,0,0,0,0,0,0,0,0,0,0,0,0,0,0,0,339.203979,377.89621,421.413452,515.998596,462.396179,414.499268,388.643829,410.366028,457.621735,560.332581,498.754242,447.091827,401.914795,442.940857,493.948486,566.614197,462.526093,414.615753,396.556671,410.481934,457.751068,522.082275,426.175323,382.030731,42.131901,105469.026741,60.1231,148.396632,0,true,false,0.496497,-203.99,0,0.0,0.0,0.0
4,602,5.45,530.102907,9493.916849,530.165443,9552.447476,17466.580408,-169.953918,-169.84314,72.518715,0.015602,0.052738,-135.0298,1.0,0.0,1.0,0.0,0.0,0.0,0,0,0,0,0,0,0,0,0,0,0,0,0,0,0,327.99585,366.282684,408.469025,500.159546,462.387054,414.49762,400.317719,410.375702,457.639709,560.366638,511.704437,458.707825,413.154694,454.565765,506.920044,566.580139,462.50824,414.606293,396.552948,410.483673,457.760193,506.173767,413.198151,370.403625,45.147453,105457.846833,54.76389,109.526079,0,true,false,0.528825,-203.98,0,0.0,0.0,0.0
4,603,5.5,540.300548,27765.782603,540.35672,27707.195804,17461.426983,-204.958054,-204.833511,113.028572,0.015604,0.067749,-135.027649,1.0,0.0,1.0,0.0,0.0,0.0,0,0,0,0,0,0,0,0,0,0,0,0,0,0,0,313.591125,351.362671,391.835114,479.799316,462.382477,414.498322,400.322388,410.384705,457.655029,560.394226,528.345703,473.631012,427.582825,469.494202,523.573914,566.552612,462.493103,414.597534,396.548431,410.483093,457.764862,485.756195,396.537201,355.472351,50.300877,105443.450651,50.831196,76.759695,0,true,false,0.563188,-203.97,0,0.0,0.0,0.0
4,604,5.55,552.068709,9482.148688,552.11814,9540.686056,17454.084232,-242.448837,-242.315643,161.354858,0.015611,0.087337,-135.021866,1.0,0.0,1.0,0.0,0.069993,0.0,0,0,0,0,0,0,0,0,0,0,0,0,0,0,0,296.981232,334.149231,372.650574,456.327454,462.361267,414.492279,400.327393,410.401062,457.687592,560.458008,547.531128,490.845032,444.25589,486.730194,542.812256,566.48877,462.460724,400.66098,396.543671,410.489319,457.786072,462.168671,377.298126,338.236237,57.643627,105426.826227,40.185946,33.391297,0,true,false,0.596482,-203.96,0,0.0,0.0,0.0
4,605,5.6,562.433101,27755.418211,562.477301,27696.836643,17446.654376,-272.915283,-272.784454,202.288452,0.015627,0.122007,-135.012741,1.0,0.0,1.0,0.0,0.139986,0.069993,0,0,0,0,0,0,0,0,0,0,0,0,0,0,0,282.367035,318.994019,355.766663,435.681641,462.323608,414.478943,400.331573,386.749115,457.734558,560.553223,564.404358,505.996246,458.969818,501.921295,559.78125,566.39386,462.414398,376.010223,396.540283,410.503296,457.824188,441.367371,360.340942,323.050537,65.073486,105412.162633,23.428829,-37.806175,0,true,false,0.621941,-203.95,0,0.0,0.0,0.0
4,606,5.65,578.432728,9466.149061,578.470883,9524.692474,17433.77904,-317.74353,-317.646027,266.986328,0.015686,0.200965,-134.990616,1.0,0.0,1.0,0.0,0.139986,0.069993,0,0,0,0,0,0,0,0,0,0,0,0,0,0,0,259.8302,295.606476,329.722473,403.853149,462.227356,414.442169,400.337494,379.134125,457.843597,560.778259,590.400696,529.365601,481.749847,525.396973,586.033142,566.171143,462.308014,392.121704,396.537323,410.542725,457.922913,409.210419,334.141937,299.598572,77.948822,105389.343978,-17.239581,-195.878721,0,true,false,0.656277,-203.94,0,0.0,0.0,0.0
4,607,5.7,596.900659,27736.95028,596.936783,27678.370742,17417.218461,-365.541779,-365.550903,338.801239,0.015839,0.314819,-134.954697,1.0,0.0,1.0,0.0,0.069993,0.0,0,0,0,0,0,0,0,0,0,0,0,0,0,0,0,233.834274,268.615326,299.674408,367.14682,462.066162,414.377991,400.342743,403.382233,458.015564,561.137695,620.335571,556.313721,508.143036,552.533691,616.421326,565.819458,462.143219,410.441711,396.539337,410.6138,458.091095,372.052582,303.881042,272.51886,94.509399,105362.508367,-83.232228,-421.735363,0,true,false,0.690566,-203.93,0,0.0,0.0,0.0
4,608,5.75,617.972446,9445.077274,618.015675,9503.613583,17396.563113,-417.474286,-417.699126,421.311075,0.016118,0.44424,-134.910797,1.0,0.0,1.0,0.0,0.139986,0.069993,0,0,0,0,0,0,0,0,0,0,0,0,0,0,0,204.147751,237.804504,265.363983,325.216766,460.450073,414.294464,400.344208,414.639313,458.220062,561.570374,654.457397,587.052917,538.318848,583.526123,651.151794,565.402649,461.952026,410.368927,396.550385,410.709564,458.306641,329.687439,269.36554,241.622742,115.164749,105331.227997,-163.821507,-680.175157,0,true,false,0.724739,-203.92,0,0.0,0.0,0.0
4,609,5.8,637.482868,27717.439858,637.544081,27658.842336,17376.108643,-461.611072,-462.132009,492.189268,0.016688,0.602116,-134.845383,1.0,0.0,1.0,0.0,0.614796,0.391234,0,0,0,0,0,0,0,0,0,0,0,0,0,0,0,176.691223,236.357315,21453.318359,40000.0,444.754608,40000.0,40000.0,456.437531,468.181915,40000.0,736.672485,40000.0,566.508911,40000.0,726.292236,40000.0,434.800598,451.937195,40000.0,40000.0,448.184357,40000.0,24201.974609,236.540421,135.619217,105300.88015,-283.937478,-990.605594,0,true,false,0.752907,-203.91,0,0.0,0.0,0.0
4,610,5.85,663.532964,9419.027178,663.642986,9477.514678,17347.07505,-520.153316,-521.413082,593.175672,0.01953,1.025764,-134.632111,1.0,0.0,1.0,0.0,1.030961,0.58912,0,0,0,0,0,0,0,0,0,0,0,0,0,0,0,140.215469,187.980194,21427.970703,40000.0,415.252808,40000.0,40000.0,40000.0,427.730682,40000.0,763.0224,40000.0,605.409485,40000.0,754.583374,40000.0,440.038696,40000.0,40000.0,459.790649,423.926208,40000.0,24155.224609,179.310913,164.652817,105251.502392,-675.373108,-1797.656201,0,true,false,0.786637,-203.9,0,0.0,0.0,0.0
4,611,5.9,693.249866,27687.722955,693.480855,27629.004467,17311.930735,-580.903089,-583.962488,702.433982,0.02896,1.768285,-134.218582,1.0,0.0,1.0,0.0,0.808707,0.539138,0,0,0,0,0,0,0,0,0,0,0,0,0,0,0,10832.517578,10362.017578,35920.90625,40000.0,40000.0,40000.0,40000.0,40000.0,40000.0,40000.0,40000.0,40000.0,40000.0,40000.0,40000.0,40000.0,40000.0,40000.0,40000.0,40000.0,40000.0,40000.0,24096.103516,24930.746094,199.797119,105168.580861,-1433.626296,-3195.554563,0,true,false,0.821029,-203.89,0,0.0,0.0,0.0
4,612,5.95,718.398282,9393.878763,718.822611,9452.172922,17280.660232,-628.067119,-633.736894,792.338899,0.043468,2.47353,-133.80394,1.0,0.0,1.0,0.0,0.461634,0.329738,0,0,0,0,0,0,0,0,0,0,0,0,0,0,0,10802.026367,10350.133789,35490.308594,40000.0,40000.0,40000.0,40000.0,40000.0,40000.0,40000.0,40000.0,40000.0,40000.0,40000.0,40000.0,40000.0,40000.0,40000.0,40000.0,40000.0,40000.0,40000.0,23962.865234,14128.417969,231.067627,105071.147744,-2192.589022,-4519.857967,0,true,false,0.847543,-203.88,0,0.0,0.0,0.0
4,613,6.0,756.73751,27649.383727,757.684081,27590.142998,17230.469363,-695.425479,-706.980246,930.839266,0.074096,3.488753,-133.189209,1.0,0.0,1.0,0.0,0.279972,0.209979,0,0,0,0,0,0,0,0,0,0,0,0,0,0,0,10758.868164,10334.19043,34949.992188,40000.0,40000.0,40000.0,40000.0,40000.0,40000.0,40000.0,40000.0,40000.0,40000.0,40000.0,40000.0,40000.0,40000.0,40000.0,40000.0,40000.0,40000.0,40000.0,23565.621094,13883.239258,281.258484,104887.51487,-3314.557338,-6428.407262,0,true,false,0.884479,-203.87,0,0.0,0.0,0.0
4,614,6.05,787.101326,9363.514947,788.696059,9421.160944,17188.644684,-745.532561,-763.275034,1042.246024,0.106346,4.300638,-132.697418,1.0,0.0,1.0,0.0,0.3552,0.202971,0,0,0,0,0,0,0,0,0,0,0,0,0,0,0,10687.56543,10324.774414,34836.136719,40000.0,40000.0,40000.0,40000.0,40000.0,40000.0,40000.0,40000.0,40000.0,40000.0,40000.0,40000.0,40000.0,40000.0,40000.0,40000.0,40000.0,40000.0,40000.0,23263.171875,13696.161133,137.95639,104707.259485,-4208.683796,-7953.532935,0,true,false,0.911377,-203.86,0,0.0,0.0,0.0
4,615,6.1,832.098958,27604.386095,835.10038,27543.738676,17123.435435,-811.915151,-841.07608,1201.798113,0.166346,5.532088,-131.973511,1.0,0.0,1.0,0.0,0.784465,0.261488,0,0,0,0,0,0,0,0,0,0,0,0,0,0,0,10548.865234,10315.703125,34688.625,40000.0,40000.0,40000.0,40000.0,40000.0,40000.0,40000.0,40000.0,40000.0,40000.0,40000.0,40000.0,40000.0,40000.0,40000.0,40000.0,40000.0,40000.0,40000.0,20918.890625,10947.40918,203.165634,104380.281651,-5517.592179,-10262.946435,0,true,false,0.948273,-203.85,0,0.0,0.0,0.0
4,616,6.15,868.848614,9326.765291,873.43623,9382.825094,17067.363646,-863.12224,-903.554085,1337.006623,0.228533,6.682011,-131.368973,1.0,0.0,1.0,0.0,1.255312,0.301275,0,0,0,0,0,0,0,0,0,0,0,0,0,0,0,10442.952148,10316.321289,34591.90625,40000.0,40000.0,40000.0,40000.0,40000.0,40000.0,40000.0,40000.0,40000.0,40000.0,40000.0,40000.0,40000.0,40000.0,40000.0,40000.0,40000.0,40000.0,40000.0,20617.683594,10890.806641,259.237427,104030.464891,-6602.008865,-12408.044469,0,true,false,0.976303,-203.84,0,0.0,0.0,0.0
4,617,6.2,918.572574,27554.662136,925.984966,27491.18994,16987.589963,-923.449911,-981.568443,1506.441734,0.33844,8.676918,-130.513885,1.0,0.0,1.0,0.0,1.920803,0.0,0,0,0,0,0,0,0,0,0,0,0,0,0,0,0,10316.821289,10327.301758,34521.503906,40000.0,40000.0,40000.0,40000.0,40000.0,40000.0,40000.0,40000.0,40000.0,40000.0,40000.0,40000.0,40000.0,40000.0,40000.0,40000.0,40000.0,40000.0,40000.0,20385.40625,10833.724609,957.191833,103343.283046,-8115.553446,-16094.922488,0,true,true,1.0,-203.83,0,0.0,0.0,0.0
4,618,6.25,969.113174,9276.22469,980.242439,9328.567621,16902.978357,-971.605544,-1049.258223,1653.480865,0.478007,11.3857,-129.679535,1.0,0.0,1.0,0.0,1.848999,0.0,0,0,0,0,0,0,0,0,0,0,0,0,0,0,0,10232.65332,22367.857422,35030.46875,40000.0,40000.0,40000.0,40000.0,40000.0,40000.0,40000.0,40000.0,40000.0,40000.0,40000.0,40000.0,40000.0,40000.0,40000.0,40000.0,40000.0,40000.0,40000.0,20776.378906,10817.396484,1041.803467,102252.101636,-9553.073305,-21035.703184,0,true,true,1.0,-203.82,0,0.0,0.0,0.0
4,619,6.3,1010.965009,27512.810301,1025.838648,27445.59373,16830.006508,-994.577628,-1088.269729,1755.932818,0.607944,14.006853,-129.066406,1.0,0.0,1.0,0.0,2.905375,0.0,0,0,0,0,0,0,0,0,0,0,0,0,0,0,0,10207.658203,22721.583984,36403.679688,40000.0,40000.0,40000.0,40000.0,40000.0,40000.0,40000.0,40000.0,40000.0,40000.0,40000.0,40000.0,40000.0,40000.0,40000.0,40000.0,40000.0,40000.0,40000.0,21158.009766,10843.9375,1114.775269,101002.391431,-10568.201207,-25752.309192,0,true,true,1.0,-203.81,0,0.0,0.0,0.0
4,620,6.35,1064.516416,9222.673283,1085.051049,9269.355221,16731.945274,-1015.982623,-1130.432475,1902.927316,0.82414,18.274965,-128.260681,1.0,0.0,1.0,0.0,2.055425,-0.150397,0,0,0,0,0,0,0,0,0,0,0,0,0,0,0,10259.889648,23278.998047,40000.0,40000.0,40000.0,40000.0,40000.0,40000.0,40000.0,40000.0,40000.0,40000.0,40000.0,40000.0,40000.0,40000.0,40000.0,40000.0,40000.0,40000.0,40000.0,40000.0,22530.650391,10969.511719,1212.836548,98553.22578,-11822.337218,-33275.191521,0,true,true,1.0,-203.8,0,0.0,0.0,0.0
4,621,6.4,1119.65325,27457.673466,1147.06298,27383.581799,16624.063702,-1014.764146,-1148.646989,2040.491545,1.074958,23.301613,-127.531311,1.0,0.0,1.0,0.0,2.257791,-0.367547,0,0,0,0,0,0,0,0,0,0,0,0,0,0,0,10440.99707,23962.212891,40000.0,40000.0,40000.0,40000.0,40000.0,40000.0,40000.0,40000.0,40000.0,40000.0,40000.0,40000.0,40000.0,40000.0,40000.0,40000.0,40000.0,40000.0,40000.0,40000.0,24597.689453,11228.167969,1152.537354,95003.629857,-12833.157084,-41858.731554,0,true,true,1.0,-203.79,0,0.0,0.0,0.0
4,622,6.45,1174.40896,9167.917574,1209.697211,9206.72099,16507.910053,-995.593146,-1145.949688,2181.83887,1.32977,28.926302,-126.937515,1.0,0.0,1.0,0.0,1.925446,-0.354687,0,0,0,0,0,0,0,0,0,0,0,0,0,0,0,10799.633789,40000.0,40000.0,40000.0,40000.0,40000.0,40000.0,40000.0,40000.0,40000.0,40000.0,40000.0,40000.0,40000.0,40000.0,40000.0,40000.0,40000.0,40000.0,40000.0,40000.0,40000.0,40000.0,11669.374023,1268.69104,90210.70199,-13503.352397,-51039.437857,0,true,true,1.0,-203.78,0,0.0,0.0,0.0
4,623,6.5,1213.098116,27418.98431,1254.571582,27338.707428,16418.95275,-973.209443,-1133.064498,2293.319309,1.517443,33.399578,-126.569206,1.0,0.0,1.0,0.0,1.142994,-0.228599,0,0,0,0,0,0,0,0,0,0,0,0,0,0,0,11212.886719,40000.0,40000.0,40000.0,40000.0,40000.0,40000.0,40000.0,40000.0,40000.0,40000.0,40000.0,40000.0,40000.0,40000.0,40000.0,40000.0,40000.0,40000.0,40000.0,40000.0,40000.0,40000.0,12152.165039,3527.252686,85801.7525,-13814.509615,-57968.50456,0,true,true,1.0,-203.77,0,0.0,0.0,0.0
4,624,6.55,1260.675823,9120.339867,1310.440179,9150.852394,16299.432987,-927.256481,-1094.349007,2425.932893,1.774901,39.434044,-126.130814,1.0,0.0,1.0,0.0,0.50704,-0.202816,0,0,0,0,0,0,0,0,0,0,0,0,0,0,0,11984.875977,40000.0,40000.0,40000.0,40000.0,40000.0,40000.0,40000.0,40000.0,40000.0,40000.0,40000.0,40000.0,40000.0,40000.0,40000.0,40000.0,40000.0,40000.0,40000.0,40000.0,40000.0,40000.0,13027.487305,3646.772461,79047.419843,-14069.645017,-66720.447599,0,true,true,1.0,-203.76,0,0.0,0.0,0.0
4,625,6.6,1314.535951,27365.124182,1374.580748,27274.566858,16145.714129,-845.07404,-1012.3678,2563.99809,2.082637,46.673058,-125.676353,1.0,0.0,1.0,0.0,0.069993,0.0,0,0,0,0,0,0,0,0,0,0,0,0,0,0,0,13384.381836,40000.0,40000.0,40000.0,40000.0,40000.0,40000.0,40000.0,40000.0,40000.0,40000.0,40000.0,40000.0,40000.0,40000.0,40000.0,40000.0,40000.0,40000.0,40000.0,40000.0,40000.0,40000.0,14527.932617,3800.491211,69809.788838,-14180.802806,-76200.209947,0,true,true,1.0,-203.75,0,0.0,0.0,0.0
4,626,6.65,1351.026714,9083.849104,1418.570297,9106.862845,16025.846428,-776.149764,-939.172412,2679.229559,2.303299,51.573448,-125.384743,1.0,0.0,1.0,0.0,0.0,0.0,0,0,0,0,0,0,0,0,0,0,0,0,0,0,0,14695.420898,40000.0,40000.0,40000.0,40000.0,40000.0,40000.0,40000.0,40000.0,40000.0,40000.0,40000.0,40000.0,40000.0,40000.0,40000.0,40000.0,40000.0,40000.0,40000.0,40000.0,40000.0,40000.0,15937.973633,3920.358887,62909.887535,-14179.143627,-81918.772056,0,true,true,1.0,-203.74,0,0.0,0.0,0.0
4,627,6.7,1384.511844,27331.639053,1459.334099,27233.803056,15899.521276,-693.792303,-847.760621,2768.544977,2.517498,55.357235,-125.11824,1.0,0.0,1.0,0.0,0.0,0.0,0,0,0,0,0,0,0,0,0,0,0,0,0,0,0,15983.517578,40000.0,40000.0,40000.0,40000.0,40000.0,40000.0,40000.0,40000.0,40000.0,40000.0,40000.0,40000.0,40000.0,40000.0,40000.0,40000.0,40000.0,40000.0,40000.0,40000.0,40000.0,40000.0,40000.0,3924.713867,57228.148812,-14173.400881,-85923.369707,0,true,true,1.0,-203.73,0,0.0,0.0,0.0
4,628,6.75,1413.70087,9054.660077,1495.215653,9070.981291,15771.017805,-608.203123,-750.52146,2848.448487,2.729813,58.516014,-124.864998,1.0,0.0,1.0,0.0,0.0,0.0,0,0,0,0,0,0,0,0,0,0,0,0,0,0,0,40000.0,40000.0,40000.0,40000.0,40000.0,40000.0,40000.0,40000.0,40000.0,40000.0,40000.0,40000.0,40000.0,40000.0,40000.0,40000.0,40000.0,40000.0,40000.0,40000.0,40000.0,40000.0,40000.0,40000.0,4005.585205,52269.830111,-14162.368185,-88976.649824,0,true,true,1.0,-203.72,0,0.0,0.0,0.0
4,629,6.8,1443.554507,27301.785415,1532.331717,27196.686992,15612.014634,-503.546142,-629.547285,2941.632858,2.975821,61.773491,-124.581444,1.0,0.0,1.0,0.0,-0.069993,-0.069993,0,0,0,0,0,0,0,0,0,0,0,0,0,0,0,40000.0,40000.0,40000.0,40000.0,40000.0,40000.0,40000.0,40000.0,40000.0,40000.0,40000.0,40000.0,40000.0,40000.0,40000.0,40000.0,40000.0,40000.0,40000.0,40000.0,40000.0,40000.0,40000.0,40000.0,4332.990723,46967.328477,-14138.812363,-91838.737337,0,true,true,1.0,-203.71,0,0.0,0.0,0.0
4,630,6.85,1463.775638,9034.438947,1557.80674,9045.506268,15477.531072,-415.34665,-525.987129,3005.962785,3.079232,64.144722,-124.465416,1.0,0.0,1.0,0.0,-0.29677,-0.29677,0,0,0,0,0,0,0,0,0,0,0,0,0,0,0,40000.0,40000.0,40000.0,40000.0,40000.0,40000.0,40000.0,40000.0,40000.0,40000.0,40000.0,40000.0,40000.0,40000.0,40000.0,40000.0,40000.0,40000.0,40000.0,40000.0,40000.0,40000.0,40000.0,40000.0,5000.0,43010.922054,-14077.843004,-93732.597552,0,true,true,1.0,-203.7,0,0.0,0.0,0.0
4,631,6.9,1484.105399,27281.455654,1583.856073,27170.637659,15298.547574,-300.727547,-389.045464,3077.212877,2.820023,66.726097,-124.750648,1.0,0.0,1.0,0.0,-0.655486,-0.302532,0,0,0,0,0,0,0,0,0,0,0,0,0,0,0,40000.0,40000.0,40000.0,40000.0,40000.0,40000.0,40000.0,40000.0,40000.0,40000.0,40000.0,40000.0,40000.0,40000.0,40000.0,40000.0,40000.0,40000.0,40000.0,40000.0,40000.0,40000.0,40000.0,40000.0,5000.0,38645.486739,-13894.086087,-95609.891632,0,true,true,1.0,-203.69,0,0.0,0.0,0.0
4,632,6.95,1494.456515,9024.087831,1597.40166,9031.960682,15170.574084,-222.113528,-293.091865,3126.801756,2.204937,68.439865,-125.416763,1.0,0.0,1.0,0.0,-0.619473,-0.337894,0,0,0,0,0,0,0,0,0,0,0,0,0,0,0,40000.0,40000.0,40000.0,40000.0,40000.0,40000.0,40000.0,40000.0,40000.0,40000.0,40000.0,40000.0,40000.0,40000.0,40000.0,40000.0,40000.0,40000.0,40000.0,40000.0,40000.0,40000.0,40000.0,40000.0,5000.0,35744.311536,-13677.127343,-96747.372448,0,true,true,1.0,-203.68,0,0.0,0.0,0.0
4,633,7.0,1503.08608,27272.826089,1609.017177,27159.022141,15002.56023,-122.573386,-168.282335,3168.153334,0.793867,70.117912,-126.92627,1.0,0.0,1.0,0.0,-0.772872,-0.360674,0,0,0,0,0,0,0,0,0,0,0,0,0,0,0,40000.0,40000.0,40000.0,40000.0,40000.0,40000.0,40000.0,40000.0,40000.0,40000.0,40000.0,40000.0,40000.0,40000.0,40000.0,40000.0,40000.0,40000.0,40000.0,40000.0,40000.0,40000.0,40000.0,40000.0,5000.0,32894.170846,-13328.025751,-97789.895097,0,true,true,1.0,-203.67,0,0.0,0.0,0.0
4,634,7.05,1506.597861,9020.57605,1614.097944,9026.879915,14828.086044,-26.440531,-43.502858,3216.189164,-1.263973,71.290672,-129.107346,1.0,0.0,1.0,0.0,-0.564228,-0.205174,0,0,0,0,0,0,0,0,0,0,0,0,0,0,0,40000.0,40000.0,40000.0,40000.0,40000.0,40000.0,40000.0,40000.0,40000.0,40000.0,40000.0,40000.0,40000.0,40000.0,40000.0,40000.0,40000.0,40000.0,40000.0,40000.0,40000.0,40000.0,40000.0,40000.0,5000.0,30877.845638,-12928.683388,-98496.13515,0,true,true,1.0,-203.66,0,0.0,0.0,0.0
4,635,7.1,1505.812201,27273.611749,1613.389754,27159.730331,14689.405302,44.504704,52.043473,3245.458022,-3.235379,71.909714,-131.185593,1.0,0.0,1.0,0.0,-0.562553,-0.153424,0,0,0,0,0,0,0,0,0,0,0,0,0,0,0,40000.0,40000.0,40000.0,40000.0,40000.0,40000.0,40000.0,40000.0,40000.0,40000.0,40000.0,40000.0,40000.0,40000.0,40000.0,40000.0,40000.0,40000.0,40000.0,40000.0,40000.0,40000.0,40000.0,40000.0,5000.0,29777.517361,-12595.366348,-98882.003048,0,true,true,1.0,-203.65,0,0.0,0.0,0.0
4,636,7.15,1500.66376,9025.724491,1606.74996,9033.519709,14512.474005,127.499951,168.613443,3278.805564,-5.911378,72.319115,-133.997665,1.0,0.0,1.0,0.0,-0.581148,-0.044704,0,0,0,0,0,0,0,0,0,0,0,0,0,0,0,40000.0,40000.0,40000.0,40000.0,40000.0,40000.0,40000.0,40000.0,40000.0,40000.0,40000.0,40000.0,40000.0,40000.0,40000.0,40000.0,40000.0,40000.0,40000.0,40000.0,40000.0,40000.0,40000.0,40000.0,5000.0,28966.49789,-12174.645923,-99188.653546,0,true,true,1.0,-203.64,0,0.0,0.0,0.0
4,637,7.2,1491.421781,27282.853728,1594.176208,27172.304083,14335.96854,201.258612,277.725942,3302.622327,-8.571893,72.31076,-136.78978,1.0,0.0,1.0,0.0,-0.697636,-0.099662,0,0,0,0,0,0,0,0,0,0,0,0,0,0,0,40000.0,40000.0,40000.0,40000.0,40000.0,40000.0,40000.0,40000.0,40000.0,40000.0,40000.0,40000.0,40000.0,40000.0,40000.0,40000.0,40000.0,40000.0,40000.0,40000.0,40000.0,40000.0,40000.0,40000.0,5000.0,28808.100573,-11756.607031,-99306.366418,0,true,true,1.0,-203.63,0,0.0,0.0,0.0
4,638,7.25,1481.728555,9035.417717,1580.570271,9047.125646,14198.446354,252.919013,358.270285,3329.637088,-10.529967,72.025772,-138.846176,1.0,0.0,1.0,0.0,-0.444508,0.0,0,0,0,0,0,0,0,0,0,0,0,0,0,0,0,40000.0,40000.0,40000.0,40000.0,40000.0,40000.0,40000.0,40000.0,40000.0,40000.0,40000.0,40000.0,40000.0,40000.0,40000.0,40000.0,40000.0,40000.0,40000.0,40000.0,40000.0,40000.0,40000.0,40000.0,5000.0,29123.249833,-11425.59821,-99274.475943,0,true,true,1.0,-203.62,0,0.0,0.0,0.0
4,639,7.3,1465.795063,27298.78722,1557.540576,27195.333778,14014.59473,312.460177,457.178571,3347.648058,-12.644586,71.385559,-141.07225,1.0,0.0,1.0,0.0,-0.463362,-0.069993,0,0,0,0,0,0,0,0,0,0,0,0,0,0,0,40000.0,40000.0,40000.0,40000.0,40000.0,40000.0,40000.0,40000.0,40000.0,40000.0,40000.0,40000.0,40000.0,40000.0,40000.0,40000.0,40000.0,40000.0,40000.0,40000.0,40000.0,40000.0,40000.0,40000.0,5000.0,29959.009307,-11017.657831,-99106.4635,0,true,true,1.0,-203.61,0,0.0,0.0,0.0
4,640,7.35,1448.208403,9053.004377,1531.331353,9073.334869,13841.464135,360.53587,543.645808,3378.370186,-14.399729,70.539215,-142.927704,1.0,0.0,1.0,0.0,-0.279972,0.0,0,0,0,0,0,0,0,0,0,0,0,0,0,0,0,40000.0,40000.0,40000.0,40000.0,40000.0,40000.0,40000.0,40000.0,40000.0,40000.0,40000.0,40000.0,40000.0,40000.0,40000.0,40000.0,40000.0,40000.0,40000.0,40000.0,40000.0,40000.0,40000.0,40000.0,5000.0,31130.326797,-10610.681183,-98827.819959,0,true,true,1.0,-203.6,0,0.0,0.0,0.0
4,641,7.4,1430.625467,27316.370156,1504.352226,27222.312905,13686.007269,394.850176,611.974611,3383.257792,-15.475233,69.770523,-144.070053,1.0,0.0,1.0,0.0,-0.423127,0.18134,0,0,0,0,0,0,0,0,0,0,0,0,0,0,0,40000.0,40000.0,40000.0,40000.0,40000.0,40000.0,40000.0,40000.0,40000.0,40000.0,40000.0,40000.0,40000.0,40000.0,40000.0,40000.0,40000.0,40000.0,40000.0,40000.0,40000.0,40000.0,40000.0,40000.0,5000.0,32205.995652,-10305.804785,-98553.710083,0,true,true,1.0,-203.59,0,0.0,0.0,0.0
4,642,7.45,1408.050903,9075.578941,1468.669697,9109.017399,13501.570714,430.692113,689.522398,3421.933876,-16.307966,68.652046,-144.959259,1.0,0.0,1.0,0.0,-0.4143,0.118371,0,0,0,0,0,0,0,0,0,0,0,0,0,0,0,40000.0,40000.0,40000.0,40000.0,40000.0,40000.0,40000.0,40000.0,40000.0,40000.0,40000.0,40000.0,40000.0,40000.0,40000.0,40000.0,40000.0,40000.0,40000.0,40000.0,40000.0,40000.0,40000.0,40000.0,5000.0,33852.988632,-9969.217412,-98085.635133,0,true,true,1.0,-203.58,0,0.0,0.0,0.0
4,643,7.5,1384.620602,27339.800457,1430.41882,27260.563782,13321.322145,456.179125,754.350942,3444.967085,-16.645918,67.392532,-145.322281,1.0,0.0,1.0,0.0,-0.363282,0.181641,0,0,0,0,0,0,0,0,0,0,0,0,0,0,0,40000.0,40000.0,40000.0,40000.0,40000.0,40000.0,40000.0,40000.0,40000.0,40000.0,40000.0,40000.0,40000.0,40000.0,40000.0,40000.0,40000.0,40000.0,40000.0,40000.0,40000.0,40000.0,40000.0,40000.0,5000.0,35780.413525,-9687.874181,-97481.201451,0,true,true,1.0,-203.57,0,0.0,0.0,0.0
4,644,7.55,1363.433154,9096.766388,1394.747933,9144.688285,13164.393296,472.20654,803.47792,3463.428449,-16.561323,66.318695,-145.229218,1.0,0.0,1.0,0.0,-0.224433,0.224433,0,0,0,0,0,0,0,0,0,0,0,0,0,0,0,40000.0,40000.0,40000.0,40000.0,40000.0,40000.0,40000.0,40000.0,40000.0,40000.0,40000.0,40000.0,40000.0,40000.0,40000.0,40000.0,40000.0,40000.0,40000.0,40000.0,40000.0,40000.0,40000.0,40000.0,5000.0,37460.018622,-9526.826881,-96913.910462,0,true,true,1.0,-203.56,0,0.0,0.0,0.0
4,645,7.6,1337.498523,27365.735089,1349.709275,27305.60244,12976.628849,485.172829,853.90968,3488.790026,-16.023796,64.978859,-144.638657,1.0,0.0,1.0,0.0,-0.069993,0.069993,0,0,0,0,0,0,0,0,0,0,0,0,0,0,0,40000.0,40000.0,40000.0,40000.0,40000.0,40000.0,40000.0,40000.0,40000.0,40000.0,40000.0,40000.0,40000.0,40000.0,40000.0,40000.0,40000.0,40000.0,40000.0,40000.0,40000.0,40000.0,40000.0,40000.0,5000.0,39613.480831,-9444.776674,-96124.542156,0,true,true,1.0,-203.55,0,0.0,0.0,0.0
4,646,7.65,1316.756577,9117.508334,1312.596769,9181.800791,12828.112861,491.446257,887.922829,3512.617552,-15.498549,64.009308,-144.056641,1.0,0.0,1.0,0.0,0.0,0.0,0,0,0,0,0,0,0,0,0,0,0,0,0,0,0,40000.0,40000.0,40000.0,40000.0,40000.0,40000.0,40000.0,40000.0,40000.0,40000.0,40000.0,40000.0,40000.0,40000.0,40000.0,40000.0,40000.0,40000.0,40000.0,40000.0,40000.0,40000.0,40000.0,40000.0,5000.0,41174.048176,-9438.671819,-95518.577986,0,true,true,1.0,-203.54,0,0.0,0.0,0.0
4,647,7.7,1293.927304,27388.564362,1267.445423,27350.753786,12656.84147,425.741706,965.487292,3496.215218,-15.058152,63.182972,-143.564941,1.0,-1.0,1.0,0.0,0.0,0.069993,0,0,0,0,0,0,0,0,0,0,0,0,0,0,0,40000.0,40000.0,40000.0,40000.0,40000.0,40000.0,40000.0,40000.0,40000.0,40000.0,40000.0,40000.0,40000.0,40000.0,40000.0,40000.0,40000.0,40000.0,40000.0,40000.0,40000.0,40000.0,40000.0,40000.0,5000.0,42463.021515,-9442.292499,-95013.191015,0,true,true,1.0,-203.53,0,0.0,0.0,0.0
4,648,7.75,1275.651356,9135.784283,1211.285237,9237.960977,12470.029435,283.289174,1093.604083,3454.896088,-14.565116,62.303383,-143.010315,1.0,-1.0,1.0,0.0,0.0,0.069993,0,0,0,0,0,0,0,0,0,0,0,0,0,0,0,40000.0,40000.0,40000.0,40000.0,40000.0,40000.0,40000.0,40000.0,40000.0,40000.0,40000.0,40000.0,40000.0,40000.0,40000.0,40000.0,40000.0,40000.0,40000.0,40000.0,40000.0,40000.0,40000.0,40000.0,5000.0,43829.025965,-9457.800597,-94456.799284,0,true,true,1.0,-203.52,0,0.0,0.0,0.0
4,649,7.8,1264.45666,27399.759058,1145.137818,27416.901205,12275.78007,141.321644,1211.111694,3401.61531,-13.985594,61.473866,-142.353226,1.0,-1.0,1.0,0.0,-0.139986,0.139986,0,0,0,0,0,0,0,0,0,0,0,0,0,0,0,40000.0,40000.0,40000.0,40000.0,40000.0,40000.0,40000.0,40000.0,40000.0,40000.0,40000.0,40000.0,40000.0,40000.0,40000.0,40000.0,40000.0,40000.0,40000.0,40000.0,40000.0,40000.0,40000.0,40000.0,5000.0,45111.969715,-9520.845388,-93915.46859,0,true,true,1.0,-203.51,0,0.0,0.0,0.0
4,650,7.85,1261.082059,9139.158883,1087.583128,9295.515667,12121.994191,34.671174,1297.209048,3369.739708,-13.325426,60.812908,-141.599777,1.0,-1.0,1.0,0.0,-0.069993,0.139986,0,0,0,0,0,0,0,0,0,0,0,0,0,0,0,40000.0,40000.0,40000.0,40000.0,40000.0,40000.0,40000.0,40000.0,40000.0,40000.0,40000.0,40000.0,40000.0,40000.0,40000.0,40000.0,40000.0,40000.0,40000.0,40000.0,40000.0,40000.0,40000.0,40000.0,5000.0,46153.172318,-9660.930666,-93450.381814,0,true,true,1.0,-203.5,0,0.0,0.0,0.0
4,651,7.9,1262.317975,27398.523142,1027.604923,27476.87941,11972.553793,-64.538478,1373.745031,3342.515226,-12.679263,60.192841,-140.857758,1.0,-1.0,1.0,0.0,0.0,0.069993,0,0,0,0,0,0,0,0,0,0,0,0,0,0,0,40000.0,40000.0,40000.0,40000.0,40000.0,40000.0,40000.0,40000.0,40000.0,40000.0,40000.0,40000.0,40000.0,40000.0,40000.0,40000.0,40000.0,40000.0,40000.0,40000.0,40000.0,40000.0,40000.0,40000.0,5000.0,47121.135468,-9814.03937,-93005.178942,0,true,true,1.0,-203.49,0,0.0,0.0,0.0
4,652,7.95,1269.852648,9131.62421,948.240547,9374.880042,11787.530347,-181.518019,1459.678422,3314.345899,-11.912662,59.48061,-139.971512,1.0,-1.0,1.0,0.0,0.069993,0.139986,0,0,0,0,0,0,0,0,0,0,0,0,0,0,0,40000.0,40000.0,40000.0,40000.0,40000.0,40000.0,40000.0,40000.0,40000.0,40000.0,40000.0,40000.0,40000.0,40000.0,40000.0,40000.0,40000.0,40000.0,40000.0,40000.0,40000.0,40000.0,40000.0,40000.0,5000.0,48214.601321,-10012.879627,-92490.088512,0,true,true,1.0,-203.48,0,0.0,0.0,0.0
4,653,8.0,1280.085949,27388.289841,883.22713,27541.892827,11644.187505,-267.55135,1518.793564,3293.614312,-11.246333,58.960716,-139.196274,1.0,-1.0,1.0,0.0,0.0,0.279972,0,0,0,0,0,0,0,0,0,0,0,0,0,0,0,40000.0,40000.0,40000.0,40000.0,40000.0,40000.0,40000.0,40000.0,40000.0,40000.0,40000.0,40000.0,40000.0,40000.0,40000.0,40000.0,40000.0,40000.0,40000.0,40000.0,40000.0,40000.0,40000.0,40000.0,5000.0,49007.541163,-10219.280149,-92102.51711,0,true,true,1.0,-203.47,0,0.0,0.0,0.0
4,654,8.05,1297.909196,9113.800962,798.745666,9459.361506,11466.423731,-368.587423,1583.101234,3269.297717,-10.174745,58.370899,-137.9422,1.0,-1.0,1.0,0.0,-0.096109,0.528599,0,0,0,0,0,0,0,0,0,0,0,0,0,0,0,40000.0,40000.0,40000.0,40000.0,40000.0,40000.0,40000.0,40000.0,40000.0,40000.0,40000.0,40000.0,40000.0,40000.0,40000.0,40000.0,40000.0,40000.0,40000.0,40000.0,40000.0,40000.0,40000.0,40000.0,5000.0,49904.762372,-10627.227932,-91638.241186,0,true,true,1.0,-203.46,0,0.0,0.0,0.0
4,655,8.1,1321.37707,27364.821967,709.770004,27630.86849,11287.242928,-464.323565,1639.234762,3250.824678,-8.700945,57.788887,-136.206863,1.0,-1.0,1.0,0.0,-0.096438,0.53041,0,0,0,0,0,0,0,0,0,0,0,0,0,0,0,40000.0,40000.0,40000.0,40000.0,40000.0,40000.0,40000.0,40000.0,40000.0,40000.0,40000.0,40000.0,40000.0,40000.0,40000.0,40000.0,40000.0,40000.0,40000.0,40000.0,40000.0,40000.0,40000.0,40000.0,5000.0,50776.548724,-11278.844029,-91144.912773,0,true,true,1.0,-203.45,0,0.0,0.0,0.0
4,656,8.15,1342.60586,9092.572173,640.220118,9528.911393,11151.479026,-532.956708,1676.059903,3242.791555,-7.319168,57.317024,-134.570618,1.0,-1.0,1.0,0.0,-0.069993,0.469801,0,0,0,0,0,0,0,0,0,0,0,0,0,0,0,40000.0,40000.0,40000.0,40000.0,40000.0,40000.0,40000.0,40000.0,40000.0,40000.0,40000.0,40000.0,40000.0,40000.0,40000.0,40000.0,40000.0,40000.0,40000.0,40000.0,40000.0,40000.0,40000.0,40000.0,5000.0,51452.931605,-11944.582241,-90728.434481,0,true,true,1.0,-203.44,0,0.0,0.0,0.0
4,657,8.2,1375.403468,27332.024359,544.897098,27726.19151,10970.063546,-618.061961,1712.964947,3228.247502,-5.44925,56.730938,-132.343231,1.0,-1.0,1.0,0.0,0.0,0.139986,0,0,0,0,0,0,0,0,0,0,0,0,0,0,0,40000.0,40000.0,40000.0,40000.0,40000.0,40000.0,40000.0,40000.0,40000.0,40000.0,40000.0,40000.0,40000.0,40000.0,40000.0,40000.0,40000.0,40000.0,40000.0,40000.0,40000.0,40000.0,40000.0,40000.0,5000.0,52211.554237,-12900.036133,-90226.85562,0,true,true,1.0,-203.43,0,0.0,0.0,0.0
4,658,8.25,1411.435019,9056.540622,451.051887,9622.756603,10795.136964,-694.726382,1741.556773,3224.578151,-3.639388,56.145573,-130.172989,1.0,-1.0,1.0,0.0,0.0,0.069993,0,0,0,0,0,0,0,0,0,0,0,0,0,0,0,40000.0,40000.0,40000.0,40000.0,40000.0,40000.0,40000.0,40000.0,40000.0,40000.0,40000.0,40000.0,40000.0,40000.0,40000.0,40000.0,40000.0,40000.0,40000.0,40000.0,40000.0,40000.0,40000.0,40000.0,5000.0,52888.68435,-13874.424268,-89747.155589,0,true,true,1.0,-203.42,0,0.0,0.0,0.0
4,659,8.3,1443.839558,27299.61982,373.411471,27803.831925,10652.292593,-752.998152,1758.479955,3224.188343,-2.276215,55.662132,-128.528198,1.0,-1.0,1.0,0.0,-0.069993,0.069993,0,0,0,0,0,0,0,0,0,0,0,0,0,0,0,40000.0,40000.0,40000.0,40000.0,40000.0,40000.0,40000.0,40000.0,40000.0,40000.0,40000.0,40000.0,40000.0,40000.0,40000.0,40000.0,40000.0,40000.0,40000.0,40000.0,40000.0,40000.0,40000.0,40000.0,5000.0,53398.626904,-14635.29122,-89371.973778,0,true,true,1.0,-203.41,0,0.0,0.0,0.0
4,660,8.35,1479.120979,9021.259201,294.30669,9701.861385,10507.846116,-808.806707,1771.730344,3229.189546,-1.029128,55.134159,-127.014481,1.0,-1.0,1.0,0.0,-0.209979,0.069993,0,0,0,0,0,0,0,0,0,0,0,0,0,0,0,40000.0,40000.0,40000.0,40000.0,40000.0,40000.0,40000.0,40000.0,40000.0,40000.0,40000.0,40000.0,40000.0,40000.0,40000.0,40000.0,40000.0,40000.0,40000.0,40000.0,40000.0,40000.0,40000.0,40000.0,5000.0,53942.002743,-15351.245952,-88972.561778,0,true,true,1.0,-203.4,0,0.0,0.0,0.0
4,661,8.4,1526.432759,27252.308041,195.1259,27903.012715,10327.489314,-872.30694,1778.2831,3231.262125,0.456119,54.360542,-125.197693,1.0,-1.0,1.0,0.0,-0.209979,0.069993,0,0,0,0,0,0,0,0,0,0,0,0,0,0,0,40000.0,40000.0,40000.0,40000.0,40000.0,40000.0,40000.0,40000.0,40000.0,40000.0,40000.0,40000.0,40000.0,40000.0,40000.0,40000.0,40000.0,40000.0,40000.0,40000.0,40000.0,40000.0,40000.0,40000.0,5000.0,54742.166422,-16243.779542,-88381.584658,0,true,true,1.0,-203.39,0,0.0,0.0,0.0
4,662,8.45,1577.430768,8970.261191,95.258581,9801.728704,10145.831431,-931.075211,1776.873541,3235.222437,1.822219,53.516468,-123.509781,1.0,-1.0,1.0,0.0,-0.069993,0.0,0,0,0,0,0,0,0,0,0,0,0,0,0,0,0,40000.0,40000.0,40000.0,40000.0,40000.0,40000.0,40000.0,40000.0,40000.0,40000.0,40000.0,40000.0,40000.0,40000.0,40000.0,40000.0,40000.0,40000.0,40000.0,40000.0,40000.0,40000.0,40000.0,40000.0,5000.0,55599.426606,-17112.705564,-87736.82172,0,true,true,1.0,-203.38,0,0.0,0.0,0.0
4,663,8.5,1619.461933,27210.276876,17.448816,27980.82248,10003.679145,-975.657432,1774.329147,3247.903693,2.81347,52.830463,-122.272835,1.0,-1.0,1.0,0.0,-0.069993,0.0,0,0,0,0,0,0,0,0,0,0,0,0,0,0,0,40000.0,40000.0,40000.0,40000.0,40000.0,40000.0,40000.0,40000.0,40000.0,40000.0,40000.0,40000.0,40000.0,40000.0,40000.0,40000.0,40000.0,40000.0,40000.0,40000.0,40000.0,40000.0,40000.0,40000.0,5000.0,56277.782037,-17779.059535,-87213.241255,0,true,true,1.0,-203.37,0,0.0,0.0,0.0
4,663,8.5,1619.461933,27210.276876,17.448816,27980.82248,10003.679145,-975.657432,1774.329147,3247.903693,2.81347,52.830463,-122.272835,1.0,-1.0,1.0,0.0,0.0,0.0,0,0,0,0,0,0,0,0,0,0,0,0,0,0,0,40000.0,40000.0,40000.0,40000.0,40000.0,40000.0,40000.0,40000.0,40000.0,40000.0,40000.0,40000.0,40000.0,40000.0,40000.0,40000.0,40000.0,40000.0,40000.0,40000.0,40000.0,40000.0,40000.0,40000.0,5000.0,56445.400269,-17942.956205,-87081.531062,0,true,true,1.0,-273.37,3,0.0,0.0,0.0
