timestamp,rel_x,rel_y,rel_z,threat,hp,is_damaged,out_x,out_y,out_z,yaw,pitch
1775991754.1037164,0.0,0.0,0.5,0.8,100,0,1,0,0,0.01,0.02
1775991754.1037164,0.1,0.2,0.5,0.8,99,0,1,0,0,0.01,0.02
1775991754.1037164,0.30000000000000004,0.6000000000000001,0.5,0.8,97,0,1,0,0,0.01,0.02
1775991754.1047149,0.4,0.8,0.5,0.8,96,0,1,0,0,0.01,0.02
1775991754.1047149,0.5,1.0,0.5,0.8,95,0,1,0,0,0.01,0.02
1775991754.1047149,0.6000000000000001,1.2000000000000002,0.5,0.8,94,0,1,0,0,0.01,0.02
1775991754.1047149,0.7000000000000001,1.4000000000000001,0.5,0.8,93,0,1,0,0,0.01,0.02
1775991754.1047149,0.8,1.6,0.5,0.8,92,0,1,0,0,0.01,0.02
1775991754.1047149,0.9,1.8,0.5,0.8,91,0,1,0,0,0.01,0.02
1775992621.4982157,0.0,0.0,0.5,0.8,100,0,1,0,0,0.01,0.02
1775992621.4992132,0.1,0.2,0.5,0.8,99,0,1,0,0,0.01,0.02
1775992621.4992132,0.2,0.4,0.5,0.8,98,0,1,0,0,0.01,0.02
1775992621.4992132,0.30000000000000004,0.6000000000000001,0.5,0.8,97,0,1,0,0,0.01,0.02
1775992621.4992132,0.4,0.8,0.5,0.8,96,0,1,0,0,0.01,0.02
1775992621.4992132,0.5,1.0,0.5,0.8,95,0,1,0,0,0.01,0.02
1775992621.5002103,0.6000000000000001,1.2000000000000002,0.5,0.8,94,0,1,0,0,0.01,0.02
1775992621.5002103,0.7000000000000001,1.4000000000000001,0.5,0.8,93,0,1,0,0,0.01,0.02
1775992621.5002103,0.8,1.6,0.5,0.8,92,0,1,0,0,0.01,0.02
1775992621.5002103,0.9,1.8,0.5,0.8,91,0,1,0,0,0.01,0.02
