2,1,0.05,500.0,37300.0,500.0,37300.0,17453.237716,0.0,0.0,-42.50339,0.0,0.0,-135.0,0.0,0.0,0.0,0.0,0.0,0.0,0,0,0,0,0,0,0,0,0,0,0,0,0,0,0,370.717834,410.452972,457.800201,560.687439,462.298828,414.485229,370.696228,410.478027,457.827454,560.719666,462.341644,414.52417,370.755676,410.509399,457.863159,560.764587,462.318268,414.502686,370.75824,410.495239,457.846741,560.743408,462.282806,414.471313,58.490147,105500.331753,-0.0,193.237716,2,false,false,0.0,-1.0,0,0.0,1.0,0.0
2,2,0.1,500.0,0.0,500.0,0.0,17456.699844,0.0,0.0,-88.015793,0.0,0.0,-135.0,0.0,0.0,0.0,0.0,0.0,0.0,0,0,0,0,0,0,0,0,0,0,0,0,0,0,0,370.717834,410.452972,457.800201,560.687439,462.298828,414.485229,370.696228,410.478027,457.827454,560.719666,462.341644,414.52417,370.755676,410.509399,457.863159,560.764587,462.318268,414.502686,370.75824,410.495239,457.846741,560.743408,462.282806,414.471313,55.028015,105500.331753,-0.0,196.699844,0,false,false,0.0,-2.000001,0,0.0,1.0,0.0
2,3,0.15,500.0,37300.0,500.0,37300.0,17462.371878,0.0,0.0,-131.296781,0.0,0.0,-135.0,0.0,0.0,0.0,0.0,0.0,0.0,0,0,0,0,0,0,0,0,0,0,0,0,0,0,0,370.717834,410.452972,457.800201,560.687439,462.298828,414.485229,370.696228,410.478027,457.827454,560.719666,462.341644,414.52417,370.755676,410.509399,457.863159,560.764587,462.318268,414.502686,370.75824,410.495239,457.846741,560.743408,462.282806,414.471313,49.355984,105500.331753,-0.0,202.371878,0,false,false,0.0,-3.000002,0,0.0,1.0,0.0
2,4,0.2,500.0,0.0,500.0,0.0,17470.145742,0.0,0.0,-172.458277,0.0,0.0,-135.0,0.0,0.0,0.0,0.0,0.0,0.0,0,0,0,0,0,0,0,0,0,0,0,0,0,0,0,370.717834,410.452972,457.800201,560.687439,462.298828,414.485229,370.696228,410.478027,457.827454,560.719666,462.341644,414.52417,370.755676,410.509399,457.863159,560.764587,462.318268,414.502686,370.75824,410.495239,457.846741,560.743408,462.282806,414.471313,41.582119,105500.331753,-0.0,210.145742,0,false,false,0.0,-4.000005,0,0.0,1.0,0.0
2,5,0.25,499.702189,37300.297811,499.894461,37300.105539,17473.595539,9.715172,4.427147,5.419686,0.061941,0.050904,-135.000381,0.0,0.0,0.0,0.0,0.0,0.0,0,0,0,0,0,0,0,0,0,0,0,0,0,0,0,371.115204,410.74765,458.12793,561.087219,462.143799,414.345398,370.797638,410.3367,457.668884,560.523865,462.014282,414.229797,370.354462,410.213531,457.532227,560.357727,462.477203,414.644348,370.652954,410.635406,458.002136,560.932129,462.614105,414.767487,38.13232,105500.765093,0.442004,119.864538,0,false,false,0.0,-5.000029,0,0.0,1.0,0.0
2,6,0.3,499.375683,0.326506,499.703093,0.191369,17473.930085,1.013881,1.296247,0.226275,0.060884,0.148138,-134.999969,0.0,0.0,0.0,0.0,0.0,0.0,0,0,0,0,0,0,0,0,0,0,0,0,0,0,0,371.564972,411.128784,458.554077,561.610901,462.032867,414.246857,371.012726,410.239777,457.561829,560.394531,461.59082,413.851105,369.911469,409.836456,457.112671,559.845642,462.586945,414.743683,370.444611,410.736359,458.115753,561.073059,463.036346,415.147003,37.797775,105501.183645,-0.238347,-58.843153,0,false,false,0.0,-6.000092,0,0.0,1.0,0.0
2,7,0.35,499.406131,37300.267363,499.704787,37300.103844,17473.934235,-0.605141,-0.14155,-0.067479,0.031645,0.104318,-135.001404,0.0,0.0,0.0,0.0,0.0,0.0,0,0,0,0,0,0,0,0,0,0,0,0,0,0,0,371.516693,411.101807,458.520386,561.56366,462.062286,414.27002,371.005524,410.257355,457.577881,560.408203,461.622986,413.876709,369.94281,409.856537,457.131531,559.862732,462.569427,414.724731,370.434906,410.711853,458.084869,561.029236,463.016052,415.12558,37.793625,105501.175048,2.361689,21.849606,0,false,false,0.0,-7.000157,0,0.0,1.0,0.0
2,8,0.4,499.439738,0.292899,499.709782,0.186373,17473.938854,-0.242711,-0.193042,-0.0401,0.000744,0.059301,-135.001648,0.0,0.0,0.0,0.0,0.0,0.0,0,0,0,0,0,0,0,0,0,0,0,0,0,0,0,371.470673,411.072601,458.487244,561.522034,462.086273,414.290955,371.001099,410.277374,457.599609,560.433777,461.655151,413.904968,369.985352,409.88385,457.161377,559.898315,462.546692,414.703796,370.435852,410.689972,458.059845,560.99762,462.985168,415.097321,37.789005,105501.098014,2.844493,104.744791,0,false,false,0.0,-8.000218,0,0.0,1.0,0.0
2,9,0.45,499.439874,37300.267228,499.716656,37300.09697,17473.939851,0.032262,0.003253,0.003489,0.006778,0.049527,-135.002182,0.0,0.0,0.0,0.0,0.0,0.0,0,0,0,0,0,0,0,0,0,0,0,0,0,0,0,371.466797,411.066406,458.479004,561.509766,462.08313,414.286987,370.989258,410.271362,457.591583,560.421814,461.663239,413.911072,369.983368,409.887909,457.164612,559.900085,462.554565,414.709686,370.441833,410.693817,458.062836,560.999084,462.981812,415.09314,37.78801,105501.073625,3.800381,122.743669,0,false,false,0.0,-9.000278,0,0.0,1.0,0.0
2,10,0.5,499.437934,0.294838,499.715452,0.187578,17473.939724,0.01452,0.00834,0.002247,0.006288,0.050738,-135.002411,0.0,0.0,0.0,0.0,0.0,0.0,0,0,0,0,0,0,0,0,0,0,0,0,0,0,0,371.46817,411.068268,458.480499,561.51062,462.083649,414.286926,370.989319,410.270386,457.589905,560.418762,461.661774,413.909241,369.979462,409.885162,457.16098,559.894653,462.556274,414.710693,370.439209,410.693939,458.062378,560.997498,462.985504,415.095917,37.788136,105501.078401,4.232865,120.51442,0,false,false,0.0,-10.000339,0,0.0,1.0,0.0
2,11,0.55,499.436352,37300.26881,499.715076,37300.097346,17473.939731,0.014752,0.003996,0.001842,0.006232,0.050717,-135.002655,0.0,0.0,0.0,0.0,0.0,0.0,0,0,0,0,0,0,0,0,0,0,0,0,0,0,0,371.468933,411.069214,458.480957,561.510132,462.083801,414.286499,370.988312,410.269043,457.587799,560.415161,461.661316,413.908264,369.976013,409.88324,457.158234,559.890259,462.558411,414.712067,370.437561,410.694336,458.062225,560.996338,462.988251,415.097839,37.788132,105501.079721,4.687204,120.553909,0,false,false,0.0,-11.0004,0,0.0,1.0,0.0
2,12,0.6,499.4347,0.29649,499.714695,0.187959,17473.939733,0.015421,0.004535,0.00196,0.006244,0.050678,-135.002914,0.0,0.0,0.0,0.0,0.0,0.0,0,0,0,0,0,0,0,0,0,0,0,0,0,0,0,371.469727,411.070221,458.481415,561.509644,462.083954,414.286072,370.987213,410.267609,457.585571,560.411377,461.660858,413.907288,369.972412,409.881287,457.155396,559.885742,462.560638,414.71347,370.435883,410.694763,458.062073,560.995056,462.991089,415.099823,37.788128,105501.081056,5.158849,120.62438,0,false,false,0.0,-12.000461,0,0.0,1.0,0.0
2,13,0.65,499.433037,37300.270473,499.714289,37300.097752,17473.939733,0.015428,0.004637,0.001971,0.006244,0.050677,-135.003174,0.0,0.0,0.0,0.0,0.0,0.0,0,0,0,0,0,0,0,0,0,0,0,0,0,0,0,371.470581,411.071228,458.481934,561.509277,462.084106,414.285645,370.986176,410.266205,457.583374,560.407654,461.660339,413.90625,369.968872,409.879272,457.152557,559.881226,462.562836,414.714874,370.434174,410.695221,458.061951,560.993896,462.993958,415.101807,37.788128,105501.082493,5.619201,120.626537,0,false,false,0.0,-13.000522,0,0.0,1.0,0.0
2,14,0.7,499.431457,0.29807,499.713958,0.18829,17473.939745,0.016315,0.003685,0.001965,0.006224,0.05056,-135.003403,0.0,0.0,0.0,0.0,0.0,0.0,0,0,0,0,0,0,0,0,0,0,0,0,0,0,0,371.471344,411.072174,458.482391,561.50885,462.084198,414.285187,370.985138,410.264832,457.581268,560.404053,461.659912,413.905334,369.965454,409.877411,457.149872,559.876953,462.564972,414.716278,370.432617,410.695648,458.061829,560.992737,462.996643,415.103699,37.788116,105501.083573,6.062747,120.841971,0,false,false,0.0,-14.000583,0,0.0,1.0,0.0
2,15,0.75,499.429814,37300.272116,499.713591,37300.098119,17473.939743,0.017184,0.005309,0.00221,0.006242,0.050522,-135.003616,0.0,0.0,0.0,0.0,0.0,0.0,0,0,0,0,0,0,0,0,0,0,0,0,0,0,0,371.472382,411.073242,458.483063,561.508728,462.084167,414.284668,370.984253,410.263489,457.579224,560.400696,461.659241,413.904266,369.962128,409.875549,457.147247,559.872864,462.567017,414.717621,370.431152,410.696198,458.06189,560.991943,462.999268,415.10556,37.788116,105501.08489,6.454599,120.912937,0,false,false,0.0,-15.000645,0,0.0,1.0,0.0
2,16,0.8,499.42818,0.299704,499.713212,0.188669,17473.939739,0.0,0.0,0.0,0.006275,0.050623,-135.003983,0.0,0.0,0.0,0.0,0.0,0.0,0,0,0,0,0,0,0,0,0,0,0,0,0,0,0,371.472565,411.074005,458.483032,561.507202,462.084808,414.284454,370.982605,410.261871,457.576538,560.395874,461.659302,413.903503,369.958008,409.873383,457.143951,559.86731,462.569733,414.719238,370.428894,410.696411,458.061249,560.989685,463.002625,415.107758,37.788124,105501.086484,7.120315,120.726494,0,false,false,0.0,-16.000706,0,0.0,1.0,0.0
2,17,0.85,499.426628,37300.273668,499.712871,37300.09846,17473.939748,0.009496,0.002559,0.001185,0.006279,0.050625,-135.004227,0.0,0.0,0.0,0.0,0.0,0.0,0,0,0,0,0,0,0,0,0,0,0,0,0,0,0,371.473297,411.074921,458.483429,561.506714,462.084991,414.284058,370.981537,410.260529,457.574402,560.392273,461.658905,413.902588,369.95459,409.871521,457.141266,559.862976,462.571869,414.720612,370.427277,410.696808,458.061096,560.988464,463.00531,415.109619,37.788113,105501.087795,7.573898,120.72322,0,false,false,0.0,-17.000768,0,0.0,1.0,0.0
2,18,0.9,499.425023,0.30131,499.712525,0.189015,17473.939748,0.014554,0.003446,0.001769,0.006227,0.050545,-135.004501,0.0,0.0,0.0,0.0,0.0,0.0,0,0,0,0,0,0,0,0,0,0,0,0,0,0,0,371.473938,411.075836,458.483765,561.505981,462.085236,414.283661,370.980316,410.259064,457.572144,560.388367,461.658569,413.901672,369.951019,409.869568,457.138397,559.858398,462.574158,414.722046,370.425537,410.697235,458.060883,560.987061,463.008179,415.111572,37.788113,105501.088969,8.072979,120.870721,0,false,false,0.0,-18.00083,0,0.0,1.0,0.0
2,19,0.95,499.423373,37300.275318,499.712159,37300.098826,17473.939748,0.016854,0.004558,0.002104,0.006241,0.050514,-135.004745,0.0,0.0,0.0,0.0,0.0,0.0,0,0,0,0,0,0,0,0,0,0,0,0,0,0,0,371.474792,411.076843,458.484283,561.505554,462.085327,414.283203,370.979279,410.25766,457.569946,560.384644,461.658081,413.900696,369.947479,409.867615,457.13562,559.853943,462.576355,414.72348,370.42392,410.697693,458.060791,560.985901,463.010956,415.113525,37.788113,105501.090294,8.526425,120.927057,0,false,false,0.0,-19.000891,0,0.0,1.0,0.0
2,20,1.0,499.421732,0.30295,499.711784,0.18939,17473.939743,0.017018,0.005282,0.002192,0.006236,0.050534,-135.004974,0.0,0.0,0.0,0.0,0.0,0.0,0,0,0,0,0,0,0,0,0,0,0,0,0,0,0,371.475739,411.077881,458.484894,561.505371,462.085327,414.282684,370.978363,410.256317,457.567871,560.381226,461.657471,413.899628,369.944092,409.865723,457.132965,559.849731,462.57843,414.724823,370.422424,410.698181,458.060791,560.984985,463.013672,415.115448,37.788116,105501.091726,8.937516,120.890852,0,false,false,0.0,-20.000953,0,0.0,1.0,0.0
2,21,1.05,499.420103,37300.276948,499.711404,37300.099206,17473.939738,0.0,0.0,0.0,0.006278,0.050625,-135.005371,0.0,0.0,0.0,0.0,0.0,0.0,0,0,0,0,0,0,0,0,0,0,0,0,0,0,0,371.475769,411.078613,458.484711,561.503601,462.086121,414.282532,370.976532,410.254639,457.565063,560.37616,461.657654,413.898926,369.939819,409.863495,457.129517,559.843933,462.581299,414.726501,370.419983,410.698334,458.059998,560.982422,463.01712,415.117676,37.788124,105501.093276,9.657341,120.722943,0,false,false,0.0,-21.001016,0,0.0,0.0,0.0
2,22,1.1,499.41855,0.304502,499.71107,0.189724,17473.939747,0.009505,0.002437,0.001174,0.00623,0.050544,-135.00563,0.0,0.0,0.0,0.0,0.0,0.0,0,0,0,0,0,0,0,0,0,0,0,0,0,0,0,371.476379,411.079468,458.485016,561.502869,462.086365,414.282166,370.975342,410.253235,457.562836,560.372314,461.657349,413.898071,369.93631,409.861603,457.12674,559.839417,462.583527,414.727905,370.418274,410.69873,458.059784,560.981018,463.019897,415.119568,37.788113,105501.094394,10.146346,120.871518,0,false,false,0.0,-22.001078,0,0.0,0.0,0.0
2,23,1.15,499.416928,37300.27857,499.710718,37300.099558,17473.93975,0.014728,0.003508,0.001791,0.006236,0.050513,-135.005875,0.0,0.0,0.0,0.0,0.0,0.0,0,0,0,0,0,0,0,0,0,0,0,0,0,0,0,371.477203,411.080444,458.485504,561.502441,462.086487,414.281708,370.974274,410.251831,457.560669,560.368652,461.65686,413.897095,369.932831,409.85968,457.123993,559.835083,462.585693,414.729309,370.416687,410.699188,458.059662,560.979919,463.022675,415.12149,37.788113,105501.095681,10.597131,120.928499,0,false,false,0.0,-23.00114,0,0.0,0.0,0.0
2,24,1.2,499.415288,0.306143,499.710348,0.190094,17473.939746,0.016565,0.004452,0.002065,0.006237,0.050535,-135.006104,0.0,0.0,0.0,0.0,0.0,0.0,0,0,0,0,0,0,0,0,0,0,0,0,0,0,0,371.478149,411.081482,458.486084,561.502197,462.086487,414.281219,370.973358,410.250458,457.558594,560.365173,461.656281,413.896057,369.929443,409.857788,457.121307,559.830811,462.587799,414.730682,370.415161,410.699677,458.059662,560.978943,463.02536,415.123383,37.788116,105501.097104,11.013862,120.889672,0,false,false,0.0,-24.001203,0,0.0,0.0,0.0
2,25,1.25,499.413652,37300.280205,499.709978,37300.099928,17473.939742,0.016964,0.005264,0.002185,0.006258,0.050552,-135.006393,0.0,0.0,0.0,0.0,0.0,0.0,0,0,0,0,0,0,0,0,0,0,0,0,0,0,0,371.478729,411.082397,458.48642,561.501404,462.086823,414.280853,370.972076,410.248993,457.556213,560.361084,461.655975,413.895142,369.92572,409.855743,457.118347,559.82605,462.590179,414.732178,370.4133,410.700043,458.059357,560.977417,463.028351,415.125427,37.78812,105501.098503,11.542705,120.856816,0,false,false,0.0,-25.001266,0,0.0,0.0,0.0
2,26,1.3,499.412022,0.307773,499.709606,0.190466,17473.939738,0.0,0.0,0.0,0.006271,0.050596,-135.006668,0.0,0.0,0.0,0.0,0.0,0.0,0,0,0,0,0,0,0,0,0,0,0,0,0,0,0,371.47934,411.083313,458.486725,561.50061,462.087097,414.280487,370.970825,410.247528,457.553894,560.357056,461.65567,413.894226,369.921997,409.853729,457.115417,559.821228,462.592529,414.733643,370.411438,410.700439,458.059082,560.975891,463.031311,415.127441,37.788124,105501.099952,12.066073,120.777342,0,false,false,0.0,-26.001328,0,0.0,0.0,0.0
2,27,1.35,499.410463,37300.281764,499.709262,37300.100272,17473.939748,0.009499,0.002462,0.001176,0.006275,0.050626,-135.006912,0.0,0.0,0.0,0.0,0.0,0.0,0,0,0,0,0,0,0,0,0,0,0,0,0,0,0,371.480103,411.084229,458.487152,561.500122,462.08725,414.28006,370.969788,410.246155,457.551758,560.353455,461.655243,413.893311,369.91861,409.851898,457.112732,559.816956,462.594666,414.735016,370.409851,410.700867,458.05896,560.97467,463.033997,415.129303,37.788113,105501.101308,12.513727,120.722085,1,true,false,0.0,-27.001391,0,1.0,0.0,0.0
2,28,1.4,499.408842,0.309394,499.708904,0.190824,17473.939748,0.014512,0.003586,0.001778,0.00624,0.050534,-135.007233,0.0,0.0,0.0,0.0,0.0,0.0,0,0,0,0,0,0,0,0,0,0,0,0,0,0,0,371.48053,411.085083,458.487305,561.499023,462.087677,414.279755,370.968353,410.244629,457.549286,560.349121,461.65509,413.892456,369.914764,409.849823,457.10968,559.81189,462.597168,414.736542,370.407867,410.701172,458.058533,560.9729,463.037079,415.131378,37.788113,105501.102444,13.092307,120.890831,0,true,false,0.0,-28.001455,0,1.0,0.0,0.0
2,29,1.45,499.40718,37300.283425,499.708518,37300.100658,17473.939745,0.016329,0.004384,0.002036,0.006239,0.050542,-135.007446,0.0,0.0,0.0,0.0,0.0,0.0,0,0,0,0,0,0,0,0,0,0,0,0,0,0,0,371.481537,411.086151,458.487976,561.498962,462.087646,414.279236,370.967468,410.243286,457.547241,560.345703,461.654449,413.891388,369.911377,409.8479,457.106995,559.807739,462.599213,414.737915,370.406372,410.701691,458.058563,560.972046,463.039764,415.133301,37.788116,105501.103859,13.493375,120.876277,0,true,false,0.0,-29.001518,0,0.0,0.0,0.0
2,30,1.5,499.405533,0.311041,499.708136,0.191205,17473.939744,0.017223,0.005481,0.002231,0.006244,0.05051,-135.00769,0.0,0.0,0.0,0.0,0.0,0.0,0,0,0,0,0,0,0,0,0,0,0,0,0,0,0,371.482391,411.087189,458.488495,561.498535,462.087769,414.278778,370.966461,410.241882,457.545074,560.342041,461.653931,413.890381,369.907867,409.845947,457.104218,559.803284,462.601379,414.739288,370.404724,410.702148,458.058472,560.970886,463.042572,415.135254,37.788116,105501.105166,13.943591,120.93555,0,true,false,0.0,-30.001581,0,0.0,0.0,0.0
2,31,1.55,499.40407,37300.284889,499.707882,37300.100913,17473.939774,0.0,0.0,0.0,0.006208,0.050329,-135.008041,0.0,0.0,0.0,0.0,0.0,0.0,0,0,0,0,0,0,0,0,0,0,0,0,0,0,0,371.482483,411.087769,458.488312,561.496948,462.088379,414.278564,370.964752,410.240356,457.542511,560.337463,461.654114,413.889801,369.904083,409.844055,457.101227,559.798218,462.603973,414.740845,370.40271,410.702362,458.057861,560.96875,463.045563,415.137177,37.788086,105501.105914,14.573639,121.268459,0,true,false,0.0,-31.001645,0,0.0,0.0,0.0
2,32,1.6,499.402505,0.312607,499.707611,0.191476,17473.939787,0.014367,0.003578,0.001764,0.006265,0.050166,-135.008331,0.0,0.0,0.0,0.0,0.0,0.0,0,0,0,0,0,0,0,0,0,0,0,0,0,0,0,371.482941,411.088562,458.488464,561.49585,462.088684,414.278198,370.963348,410.238831,457.5401,560.333313,461.653992,413.889008,369.900421,409.842133,457.098358,559.793518,462.606415,414.742371,370.40094,410.702759,458.057587,560.967163,463.048462,415.139099,37.788074,105501.106791,15.11395,121.568173,0,true,false,0.0,-32.001708,0,0.0,0.0,0.0
2,33,1.65,499.400909,37300.286484,499.707282,37300.101243,17473.939791,0.014758,0.004067,0.00185,0.006285,0.050114,-135.008682,0.0,0.0,0.0,0.0,0.0,0.0,0,0,0,0,0,0,0,0,0,0,0,0,0,0,0,371.483154,411.089294,458.488434,561.494385,462.089264,414.277924,370.9617,410.237244,457.537445,560.328613,461.654022,413.888275,369.896423,409.840057,457.095184,559.788208,462.60907,414.743958,370.398804,410.703003,458.057007,560.965027,463.051636,415.141174,37.788071,105501.107949,15.753326,121.663776,0,true,false,0.0,-33.001772,0,0.0,0.0,0.0
2,34,1.7,499.399302,0.314214,499.706928,0.191829,17473.939792,0.014779,0.004211,0.001867,0.00629,0.0501,-135.009003,0.0,0.0,0.0,0.0,0.0,0.0,0,0,0,0,0,0,0,0,0,0,0,0,0,0,0,371.483551,411.090118,458.488556,561.493225,462.089752,414.277649,370.960236,410.235718,457.534943,560.324219,461.653931,413.887451,369.892548,409.838013,457.092133,559.783142,462.611572,414.745514,370.39679,410.703308,458.056549,560.963135,463.054749,415.143219,37.788067,105501.109214,16.342852,121.690783,0,true,false,0.0,-34.001836,0,0.0,0.0,0.0
2,35,1.75,499.397696,37300.288091,499.706575,37300.101596,17473.939792,0.014835,0.00422,0.001873,0.00629,0.050105,-135.009293,0.0,0.0,0.0,0.0,0.0,0.0,0,0,0,0,0,0,0,0,0,0,0,0,0,0,0,371.4841,411.091003,458.4888,561.49231,462.090057,414.277283,370.958923,410.234253,457.532593,560.32019,461.653656,413.886597,369.888855,409.836029,457.089203,559.77832,462.613953,414.746979,370.394958,410.703674,458.056244,560.961548,463.057678,415.145233,37.788067,105501.110527,16.874509,121.681025,0,true,false,0.0,-35.0019,0,0.0,0.0,0.0
2,36,1.8,499.396079,0.31583,499.706212,0.192192,17473.939793,0.0,0.0,0.0,0.006293,0.050098,-135.009583,0.0,0.0,0.0,0.0,0.0,0.0,0,0,0,0,0,0,0,0,0,0,0,0,0,0,0,371.48465,411.091888,458.489075,561.491455,462.090424,414.276947,370.957642,410.232758,457.530212,560.31604,461.653412,413.885712,369.885132,409.834015,457.086212,559.773499,462.616333,414.748474,370.393066,410.704041,458.055908,560.9599,463.060669,415.147247,37.788067,105501.111825,17.415164,121.693519,0,true,false,0.0,-36.001964,0,0.0,0.0,0.0
2,37,1.85,499.394467,37300.289703,499.70585,37300.101958,17473.939792,0.014773,0.004268,0.001872,0.006297,0.050099,-135.009796,0.0,0.0,0.0,0.0,0.0,0.0,0,0,0,0,0,0,0,0,0,0,0,0,0,0,0,371.485626,411.092896,458.489685,561.491333,462.090393,414.276428,370.956757,410.231445,457.528229,560.312683,461.652802,413.884674,369.881836,409.832153,457.083618,559.769409,462.618347,414.749817,370.391632,410.704529,458.055939,560.959106,463.063293,415.149109,37.788067,105501.113157,17.807177,121.692346,0,true,false,0.0,-37.002028,0,0.0,0.0,0.0
2,38,1.9,499.39285,0.317447,499.705485,0.192557,17473.939793,0.01483,0.004288,0.001879,0.006293,0.050095,-135.010193,0.0,0.0,0.0,0.0,-0.069993,0.0,0,0,0,0,0,0,0,0,0,0,0,0,0,0,0,371.485626,411.093597,458.489502,561.489441,462.091187,414.276276,370.954926,410.229767,457.525391,560.307617,461.653015,413.883972,369.877563,409.829956,457.0802,559.763611,462.621216,414.751495,370.389191,410.704681,458.055145,560.956482,463.066742,415.151337,37.788067,105501.114425,18.530127,121.699917,0,true,false,0.0,-38.002093,0,0.0,0.0,0.0
2,39,1.95,499.391232,37300.291321,499.705117,37300.102325,17473.939793,0.014848,0.00428,0.00188,0.006296,0.050088,-135.010406,0.0,0.0,0.0,0.0,0.0,0.0,0,0,0,0,0,0,0,0,0,0,0,0,0,0,0,371.486572,411.094635,458.490112,561.489258,462.091187,414.275787,370.95401,410.228424,457.523346,560.304199,461.652405,413.882965,369.874207,409.828094,457.077576,559.75946,462.62326,414.752838,370.387726,410.7052,458.055145,560.955566,463.069397,415.153198,37.788067,105501.115741,18.934272,121.713584,0,true,false,0.0,-39.002157,0,0.0,0.0,0.0
2,40,2.0,499.389615,0.319064,499.70475,0.192924,17473.939793,0.014842,0.004213,0.001873,0.00629,0.050093,-135.010803,0.0,0.0,0.0,0.0,0.0,0.0,0,0,0,0,0,0,0,0,0,0,0,0,0,0,0,371.486603,411.095337,458.489929,561.487488,462.09198,414.275635,370.952209,410.226776,457.520538,560.299194,461.652588,413.882263,369.869965,409.825897,457.074158,559.753723,462.626099,414.754486,370.385315,410.705353,458.054382,560.953064,463.072815,415.155396,37.788067,105501.117025,19.647082,121.703806,0,true,false,0.0,-40.002222,0,0.0,0.0,0.0
2,41,2.05,499.388003,37300.292933,499.704389,37300.102686,17473.939793,0.0,0.0,0.0,0.006292,0.050097,-135.011047,0.0,0.0,0.0,0.0,0.0,0.0,0,0,0,0,0,0,0,0,0,0,0,0,0,0,0,371.487396,411.096313,458.490387,561.487,462.092133,414.275208,370.951141,410.225372,457.518372,560.295471,461.652161,413.881287,369.866486,409.823975,457.071411,559.749268,462.628265,414.75589,370.383698,410.705811,458.05426,560.951843,463.075592,415.157349,37.788067,105501.118342,20.105552,121.696586,0,true,false,0.0,-41.002287,0,0.0,0.0,0.0
2,42,2.1,499.386388,0.320679,499.704026,0.193287,17473.939794,0.014945,0.004275,0.001889,0.006293,0.050098,-135.011307,0.0,0.0,0.0,0.0,0.0,0.0,0,0,0,0,0,0,0,0,0,0,0,0,0,0,0,371.488098,411.09726,458.490814,561.486389,462.092316,414.27478,370.950012,410.223969,457.516144,560.291687,461.651764,413.880341,369.862946,409.822021,457.068573,559.744751,462.630524,414.757324,370.381989,410.706207,458.054077,560.950562,463.07843,415.159302,37.788067,105501.119652,20.585412,121.693849,0,true,false,0.0,-42.002352,0,0.0,0.0,0.0
2,43,2.15,499.38477,37300.294551,499.703661,37300.103052,17473.939794,0.014977,0.004305,0.001895,0.006294,0.050095,-135.011612,1.0,0.0,0.0,0.0,0.0,0.0,0,0,0,0,0,0,0,0,0,0,0,0,0,0,0,371.488647,411.098145,458.491058,561.485474,462.092682,414.274445,370.948669,410.222473,457.513763,560.287537,461.65152,413.879486,369.859192,409.820007,457.065582,559.739868,462.632935,414.75882,370.380066,410.706543,458.053711,560.948914,463.081451,415.161316,37.788067,105501.120938,21.13237,121.700934,0,true,false,0.0,-43.002417,0,0.0,0.0,0.0
2,44,2.2,499.383161,0.322288,499.703295,0.193653,17473.939793,0.014852,0.004385,0.001891,0.006299,0.050096,-135.012009,1.0,0.0,0.0,0.0,0.0,0.0,0,0,0,0,0,0,0,0,0,0,0,0,0,0,0,371.488586,411.098816,458.490784,561.483521,462.093536,414.274323,370.946777,410.220795,457.510864,560.282288,461.651794,413.878815,369.854858,409.81778,457.062134,559.733948,462.635834,414.760498,370.377594,410.706696,458.052887,560.946167,463.08493,415.163544,37.788067,105501.122186,21.876022,121.698155,0,true,false,0.0,-44.002482,0,0.0,0.0,0.0
2,45,2.25,499.381545,37300.296167,499.702931,37300.103417,17473.939794,0.014936,0.004382,0.001899,0.006292,0.050083,-135.012268,1.0,0.0,0.0,0.0,0.0,0.0,0,0,0,0,0,0,0,0,0,0,0,0,0,0,0,371.489349,411.099762,458.491241,561.483032,462.093689,414.273895,370.945709,410.219391,457.508698,560.278625,461.651337,413.877838,369.851349,409.815857,457.059357,559.729553,462.638,414.761902,370.375946,410.707123,458.052734,560.945007,463.087738,415.165497,37.788067,105501.123461,22.336599,121.722701,0,true,false,0.0,-45.002547,0,0.0,0.0,0.0
2,46,2.3,499.379934,0.323899,499.702569,0.194014,17473.939792,0.0,0.0,0.0,0.006298,0.050096,-135.012619,1.0,0.0,0.0,0.0,0.0,0.0,0,0,0,0,0,0,0,0,0,0,0,0,0,0,0,371.489532,411.100525,458.491211,561.481506,462.09433,414.273651,370.944061,410.217773,457.506042,560.273865,461.651398,413.877106,369.84729,409.813721,457.056091,559.72406,462.640717,414.763519,370.373718,410.707367,458.052094,560.942749,463.091003,415.167633,37.788067,105501.124743,22.993816,121.698522,0,true,false,0.0,-46.002613,0,0.0,0.0,0.0
2,47,2.35,499.378317,37300.297784,499.702204,37300.103781,17473.939793,0.01485,0.004343,0.001886,0.006293,0.050083,-135.012817,1.0,0.0,0.0,0.0,0.209979,-0.069993,0,0,0,0,0,0,0,0,0,0,0,0,0,0,0,371.49057,411.101593,458.491882,561.481445,462.094269,414.273132,370.943237,410.216492,457.504059,560.27063,461.650726,413.876038,369.844025,409.811859,457.053528,559.720093,462.64267,414.764832,370.372314,410.707886,458.052185,560.941956,463.093567,415.169495,37.788067,105501.126033,23.371078,121.722462,0,true,false,0.0,-47.002678,0,0.0,0.0,0.0
2,48,2.4,499.37671,0.325506,499.701841,0.194378,17473.939793,0.014771,0.004408,0.001885,0.006298,0.050096,-135.013184,1.0,0.0,0.0,0.0,0.0,0.0,0,0,0,0,0,0,0,0,0,0,0,0,0,0,0,371.490753,411.102325,458.491852,561.479919,462.09491,414.272919,370.941559,410.214874,457.501404,560.265869,461.650787,413.875305,369.839966,409.809753,457.050262,559.7146,462.645355,414.766449,370.370087,410.708099,458.051544,560.939697,463.096863,415.171631,37.788067,105501.127307,24.029016,121.698331,0,true,false,0.0,-48.002744,0,0.0,0.0,0.0
2,49,2.45,499.375093,37300.299401,499.701476,37300.104146,17473.939793,0.014823,0.004433,0.001893,0.0063,0.050098,-135.013535,1.0,0.0,0.0,0.0,0.0,0.0,0,0,0,0,0,0,0,0,0,0,0,0,0,0,0,371.490967,411.103119,458.491821,561.478455,462.095551,414.272705,370.939941,410.213287,457.498749,560.261169,461.650818,413.874542,369.835907,409.807617,457.047028,559.709167,462.648041,414.768036,370.367889,410.708344,458.050934,560.9375,463.100128,415.173767,37.788067,105501.128562,24.678058,121.695345,0,true,false,0.0,-49.00281,0,0.0,0.0,0.0
2,50,2.5,499.373482,0.327117,499.701114,0.19474,17473.939793,0.014737,0.004388,0.00188,0.006297,0.050101,-135.013794,1.0,0.0,0.0,0.0,0.0,0.0,0,0,0,0,0,0,0,0,0,0,0,0,0,0,0,371.49173,411.104065,458.492249,561.477905,462.095734,414.272278,370.938843,410.211884,457.496552,560.257385,461.650391,413.873596,369.832367,409.805695,457.04425,559.704712,462.650269,414.76947,370.36618,410.708771,458.050781,560.936218,463.102936,415.17569,37.788067,105501.129852,25.1514,121.689345,0,true,false,0.0,-50.002876,0,0.0,0.0,0.0
2,51,2.55,499.371865,37300.301018,499.700749,37300.104512,17473.939793,0.0,0.0,0.0,0.006299,0.050094,-135.014145,1.0,0.0,0.0,0.0,0.0,0.0,0,0,0,0,0,0,0,0,0,0,0,0,0,0,0,371.491943,411.104828,458.492218,561.476379,462.096344,414.272064,370.937195,410.210297,457.493896,560.252686,461.650421,413.872833,369.828308,409.803558,457.040985,559.699219,462.652924,414.771057,370.363983,410.708984,458.05014,560.934021,463.106232,415.177856,37.788067,105501.131081,25.805106,121.702302,0,true,false,0.0,-51.002942,0,0.0,0.0,0.0
2,52,2.6,499.370246,0.328735,499.700382,0.195106,17473.939793,0.014768,0.004429,0.001887,0.006299,0.050096,-135.014389,1.0,0.0,0.0,0.0,0.0,0.0,0,0,0,0,0,0,0,0,0,0,0,0,0,0,0,371.492767,411.105835,458.492737,561.476074,462.096436,414.271606,370.936188,410.208923,457.49176,560.249084,461.649902,413.871826,369.82486,409.801636,457.038269,559.694946,462.65506,414.77243,370.362396,410.709442,458.050079,560.932922,463.108948,415.179749,37.788067,105501.132382,26.242241,121.698252,0,true,false,0.0,-52.003008,0,0.0,0.0,0.0
2,53,2.65,499.368633,37300.302631,499.700016,37300.104878,17473.939794,0.014836,0.004385,0.001889,0.006296,0.050086,-135.014755,1.0,0.0,0.0,0.0,0.0,0.0,0,0,0,0,0,0,0,0,0,0,0,0,0,0,0,371.49292,411.106567,458.492676,561.474426,462.097137,414.271393,370.934509,410.207306,457.489075,560.244263,461.649994,413.871094,369.82074,409.7995,457.034973,559.689392,462.657806,414.774078,370.360107,410.709656,458.049408,560.930603,463.112274,415.181915,37.788067,105501.13359,26.916209,121.716535,0,true,false,0.0,-53.003075,0,0.0,0.0,0.0
2,54,2.7,499.367019,0.33035,499.699652,0.19547,17473.939793,0.014771,0.00441,0.001886,0.006299,0.050095,-135.014999,1.0,0.0,0.0,0.0,0.0,0.0,0,0,0,0,0,0,0,0,0,0,0,0,0,0,0,371.493713,411.107544,458.493134,561.473999,462.09729,414.270966,370.933441,410.205902,457.486877,560.240601,461.649567,413.870117,369.817261,409.797577,457.032196,559.684937,462.659973,414.775482,370.358459,410.710114,458.049286,560.929382,463.115051,415.183868,37.788067,105501.134888,27.375455,121.70159,0,true,false,0.0,-54.003141,0,0.0,0.0,0.0
2,55,2.75,499.365403,37300.304247,499.699288,37300.105242,17473.939793,0.014881,0.004413,0.001897,0.006297,0.050083,-135.015366,1.0,0.0,0.0,0.0,0.0,0.0,0,0,0,0,0,0,0,0,0,0,0,0,0,0,0,371.493866,411.108276,458.493042,561.472351,462.097961,414.270752,370.931732,410.204285,457.484161,560.235718,461.649658,413.869385,369.813141,409.79541,457.0289,559.679382,462.66272,414.7771,370.356201,410.710327,458.048615,560.927063,463.118378,415.186005,37.788067,105501.136087,28.050484,121.72219,0,true,false,0.0,-55.003208,0,0.0,0.0,0.0
2,56,2.8,499.363638,0.332115,499.698759,0.195999,17473.939762,0.0,0.0,0.0,0.006275,0.050399,-135.015701,1.0,0.0,0.0,0.0,0.0,0.0,0,0,0,0,0,0,0,0,0,0,0,0,0,0,0,371.494415,411.109344,458.493408,561.471436,462.09848,414.270508,370.93045,410.202759,457.481659,560.231323,461.649292,413.868347,369.80899,409.793121,457.025513,559.673889,462.665253,414.778656,370.353943,410.710602,458.048096,560.92511,463.121796,415.188324,37.788097,105501.138217,28.652821,121.140584,0,true,false,0.0,-56.003275,0,0.0,0.0,0.0
2,57,2.85,499.362132,37300.305753,499.698483,37300.105517,17473.939784,0.01408,0.003217,0.0017,0.006254,0.05021,-135.015945,1.0,0.0,0.0,0.0,0.0,0.0,0,0,0,0,0,0,0,0,0,0,0,0,0,0,0,371.495056,411.110168,458.493713,561.470764,462.098633,414.270081,370.92926,410.201355,457.479492,560.2276,461.649017,413.867523,369.805664,409.791321,457.022919,559.669678,462.667419,414.780029,370.352386,410.710999,458.047943,560.923889,463.12442,415.190125,37.788078,105501.13895,29.114182,121.489193,0,true,false,0.0,-57.003342,0,0.0,0.0,0.0
2,58,2.9,499.36054,0.333707,499.698163,0.19632,17473.93979,0.014659,0.00393,0.001827,0.006281,0.050125,-135.016266,1.0,0.0,0.0,0.0,0.0,0.0,0,0,0,0,0,0,0,0,0,0,0,0,0,0,0,371.495453,411.110962,458.493835,561.469604,462.09906,414.269745,370.927795,410.199829,457.47702,560.223267,461.648895,413.86673,369.801849,409.789307,457.019897,559.664734,462.669922,414.781555,370.350464,410.711334,458.047546,560.922058,463.127441,415.192139,37.788071,105501.139961,29.690013,121.645524,0,true,false,0.0,-58.003409,0,0.0,0.0,0.0
2,59,2.95,499.358936,37300.307358,499.697818,37300.105863,17473.939792,0.014809,0.004203,0.001869,0.006291,0.050103,-135.016541,1.0,0.0,0.0,0.0,0.0,0.0,0,0,0,0,0,0,0,0,0,0,0,0,0,0,0,371.496033,411.111847,458.49411,561.46875,462.099365,414.269379,370.926514,410.198364,457.47467,560.219238,461.648651,413.865845,369.798187,409.787354,457.016998,559.659973,462.672302,414.783051,370.348633,410.7117,458.047241,560.920532,463.130371,415.194122,37.788067,105501.141144,30.21432,121.68622,0,true,false,0.0,-59.003476,0,0.0,0.0,0.0
2,60,3.0,499.357327,0.335316,499.697461,0.196677,17473.939792,0.014761,0.004282,0.001872,0.006292,0.050098,-135.016907,1.0,0.0,0.0,0.0,0.0,0.0,0,0,0,0,0,0,0,0,0,0,0,0,0,0,0,371.496185,411.112579,458.494019,561.467163,462.100037,414.269165,370.924805,410.196747,457.471985,560.214417,461.648743,413.865112,369.794067,409.785217,457.013702,559.65448,462.675018,414.784668,370.346375,410.711945,458.0466,560.918213,463.133667,415.196259,37.788067,105501.142329,30.883299,121.695834,0,true,false,0.0,-60.003543,0,0.0,0.0,0.0
2,61,3.05,499.35572,37300.308964,499.697106,37300.106217,17473.939792,0.0,0.0,0.0,0.006294,0.0501,-135.017151,1.0,0.0,0.0,0.0,0.0,0.0,0,0,0,0,0,0,0,0,0,0,0,0,0,0,0,371.496979,411.113556,458.494507,561.466736,462.100159,414.268738,370.923767,410.195374,457.469818,560.210815,461.648254,413.864166,369.790619,409.783325,457.010986,559.650146,462.677185,414.786041,370.344788,410.712372,458.046509,560.917114,463.136414,415.198181,37.788067,105501.143589,31.330881,121.691492,0,true,false,0.0,-61.003611,0,0.0,0.0,0.0
2,62,3.1,499.354104,0.336932,499.696742,0.197041,17473.939793,0.014894,0.004294,0.001886,0.006297,0.050092,-135.01741,1.0,0.0,0.0,0.0,0.0,0.0,0,0,0,0,0,0,0,0,0,0,0,0,0,0,0,371.497742,411.114502,458.494934,561.466248,462.100311,414.268311,370.922668,410.19397,457.467621,560.207031,461.647827,413.86322,369.787109,409.781372,457.008209,559.64563,462.679382,414.787476,370.343109,410.712799,458.046356,560.915833,463.139221,415.200104,37.788067,105501.144831,31.800503,121.706925,0,true,false,0.0,-62.003678,0,0.0,0.0,0.0
2,63,3.15,499.352493,37300.310575,499.696381,37300.106578,17473.939792,0.014797,0.004262,0.001874,0.006292,0.050098,-135.017807,1.0,0.0,0.0,0.0,0.0,0.0,0,0,0,0,0,0,0,0,0,0,0,0,0,0,0,371.497711,411.115173,458.49472,561.464294,462.101166,414.268158,370.920807,410.192291,457.464783,560.201904,461.648071,413.862518,369.782837,409.779175,457.004761,559.639771,462.682251,414.789154,370.340668,410.712952,458.045532,560.913208,463.1427,415.202332,37.788067,105501.146015,32.531423,121.696355,0,true,false,0.0,-63.003746,0,0.0,0.0,0.0
2,64,3.2,499.350875,0.33855,499.696016,0.197406,17473.939793,0.014838,0.004292,0.00188,0.006297,0.050092,-135.018005,1.0,0.0,0.0,0.0,0.0,0.0,0,0,0,0,0,0,0,0,0,0,0,0,0,0,0,371.498749,411.116241,458.495392,561.464294,462.101074,414.267639,370.919983,410.190979,457.46283,560.198669,461.6474,413.861481,369.779572,409.777313,457.002197,559.635803,462.684235,414.790466,370.339264,410.71347,458.045593,560.912476,463.145264,415.204193,37.788067,105501.147288,32.907704,121.707314,0,true,false,0.0,-64.003814,0,0.0,0.0,0.0
2,65,3.25,499.349261,37300.312189,499.695652,37300.106942,17473.939794,0.014909,0.004271,0.001885,0.006292,0.050086,-135.018417,1.0,0.0,0.0,0.0,0.0,0.0,0,0,0,0,0,0,0,0,0,0,0,0,0,0,0,371.498688,411.116913,458.495148,561.462341,462.101929,414.267517,370.918091,410.189301,457.45993,560.193481,461.647675,413.860809,369.775238,409.775116,456.998749,559.629883,462.687134,414.792175,370.336792,410.713623,458.044769,560.90979,463.148773,415.206421,37.788067,105501.14844,33.647755,121.718147,0,true,false,0.0,-65.003882,0,0.0,0.0,0.0
2,66,3.3,499.347643,0.340168,499.695286,0.197771,17473.939794,0.0,0.0,0.0,0.006294,0.050095,-135.018661,1.0,0.0,0.0,0.0,0.0,0.0,0,0,0,0,0,0,0,0,0,0,0,0,0,0,0,371.499481,411.117889,458.495605,561.461853,462.102081,414.26709,370.917023,410.187897,457.457764,560.189758,461.647217,413.859833,369.771759,409.773163,456.995972,559.625488,462.689331,414.793579,370.335144,410.71405,458.044647,560.908569,463.15155,415.208344,37.788067,105501.149713,34.109143,121.702186,0,true,false,0.0,-66.00395,0,0.0,0.0,0.0
2,67,3.35,499.346028,37300.313805,499.694922,37300.107307,17473.939793,0.014835,0.004314,0.001883,0.006295,0.050094,-135.018951,1.0,0.0,0.0,0.0,0.0,0.0,0,0,0,0,0,0,0,0,0,0,0,0,0,0,0,371.500031,411.118774,458.49588,561.460938,462.102417,414.266724,370.915741,410.186432,457.455414,560.185669,461.646942,413.858948,369.768036,409.771179,456.993011,559.620667,462.691711,414.795044,370.333282,410.714417,458.044312,560.906982,463.154541,415.210358,37.788067,105501.150937,34.644409,121.703596,0,true,false,0.0,-67.004018,0,0.0,0.0,0.0
2,68,3.4,499.344413,0.341783,499.694557,0.198136,17473.939794,0.014949,0.004288,0.001891,0.006293,0.050083,-135.019318,1.0,0.0,0.0,0.0,0.0,0.0,0,0,0,0,0,0,0,0,0,0,0,0,0,0,0,371.500214,411.119537,458.495819,561.459351,462.103088,414.26651,370.914032,410.184814,457.452698,560.180908,461.647034,413.858215,369.763916,409.769012,456.989716,559.615112,462.694427,414.796661,370.331024,410.71463,458.04364,560.904663,463.157837,415.212524,37.788067,105501.152092,35.314229,121.723782,0,true,false,0.0,-68.004086,0,0.0,0.0,0.0
2,69,3.45,499.342801,37300.315416,499.694196,37300.107668,17473.939793,0.014891,0.004295,0.001886,0.006293,0.050091,-135.019577,1.0,0.0,0.0,0.0,0.0,0.0,0,0,0,0,0,0,0,0,0,0,0,0,0,0,0,371.500946,411.120483,458.496246,561.458862,462.103271,414.266113,370.912933,410.183411,457.4505,560.177124,461.646606,413.857269,369.760406,409.76709,456.986938,559.610657,462.696655,414.798096,370.329346,410.715057,458.043488,560.903381,463.160645,415.214478,37.788067,105501.153344,35.784164,121.709989,0,true,false,0.0,-69.004155,0,0.0,0.0,0.0
2,70,3.5,499.341185,0.343399,499.693832,0.1985,17473.939794,0.014989,0.004313,0.001897,0.006293,0.050083,-135.019882,1.0,0.0,0.0,0.0,0.0,0.0,0,0,0,0,0,0,0,0,0,0,0,0,0,0,0,371.501404,411.121338,458.496429,561.457825,462.103668,414.265778,370.91156,410.181885,457.448059,560.172852,461.646423,413.856415,369.756592,409.765045,456.983887,559.605652,462.699097,414.799591,370.327393,410.715393,458.043091,560.901672,463.163696,415.216522,37.788067,105501.154535,36.348845,121.72426,0,true,false,0.0,-70.004224,0,0.0,0.0,0.0
2,71,3.55,499.339585,37300.317017,499.693466,37300.108033,17473.939796,0.0,0.0,0.0,0.006288,0.050074,-135.020172,1.0,0.0,0.0,0.0,0.0,0.0,0,0,0,0,0,0,0,0,0,0,0,0,0,0,0,371.501923,411.122223,458.496674,561.456909,462.104034,414.265442,370.910248,410.18042,457.445709,560.168762,461.646179,413.85553,369.752869,409.763062,456.980927,559.60083,462.701477,414.801086,370.3255,410.715729,458.042755,560.900024,463.166687,415.218536,37.788063,105501.155719,36.891894,121.739677,0,true,false,0.016476,-71.004292,0,0.0,0.0,0.0
2,72,3.6,499.338592,0.344391,499.693218,0.198749,17473.939839,-0.000111,0.000552,0.000046,0.00598,0.049648,-135.020462,1.0,0.0,0.0,0.0,0.0,0.0,0,0,0,0,0,0,0,0,0,0,0,0,0,0,0,371.50174,411.122589,458.496429,561.455444,462.104736,414.265442,370.908966,410.179352,457.443817,560.165283,461.646454,413.855164,369.750061,409.761597,456.978638,559.596863,462.703369,414.802155,370.323792,410.715729,458.042084,560.89801,463.169006,415.219971,37.788021,105501.155508,37.401099,122.525437,0,true,false,0.048735,-72.004361,0,0.0,0.0,0.0
2,73,3.65,499.339147,37300.316462,499.693519,37300.107733,17473.940177,-0.033575,-0.013458,-0.004316,0.004314,0.04637,-135.020676,1.0,0.0,0.0,0.0,0.0,0.0,0,0,0,0,0,0,0,0,0,0,0,0,0,0,0,371.499756,411.121521,458.494659,561.452332,462.105957,414.266052,370.907379,410.179077,457.442963,560.16333,461.648193,413.856201,369.749573,409.76178,456.978271,559.59552,462.704193,414.802399,370.322876,410.715088,458.040802,560.895569,463.169312,415.219757,37.787685,105501.147573,37.818585,128.560629,0,true,false,0.080997,-73.00443,0,0.0,0.0,0.0
2,74,3.7,499.343012,0.340526,499.695248,0.19702,17473.940978,-0.087616,-0.040374,-0.011763,0.001176,0.038591,-135.020599,1.0,0.0,0.0,0.0,0.0,0.0,0,0,0,0,0,0,0,0,0,0,0,0,0,0,0,371.494904,411.117523,458.490387,561.447449,462.1073,414.267426,370.905945,410.180756,457.445007,560.166138,461.652344,413.860107,369.755157,409.765991,456.983154,559.601807,462.702057,414.800629,370.325043,410.713654,458.039368,560.894104,463.164368,415.215485,37.786884,105501.125242,37.686689,142.88237,0,true,false,0.113255,-74.004499,0,0.0,0.0,0.0
2,75,3.75,499.345813,37300.313661,499.697298,37300.105682,17473.924123,0.0,0.0,1.540195,0.000313,0.032673,-135.020493,1.0,0.0,0.0,0.0,0.0,0.0,0,0,0,0,0,0,0,0,0,0,0,0,0,0,0,371.491608,411.114136,458.486908,561.443604,462.107361,414.267731,370.904175,410.181488,457.446106,560.167969,461.655792,413.863434,369.759613,409.769714,456.987579,559.607666,462.700897,414.799835,370.327972,410.713287,458.039246,560.894409,463.159851,415.2117,37.803738,105501.106551,37.488208,153.762627,0,true,false,0.145525,-75.004567,0,0.0,0.0,0.0
2,76,3.8,499.345813,0.340526,499.697298,0.19702,17473.640717,0.0,0.0,8.997635,0.000313,0.032673,-135.020493,1.0,0.0,0.0,0.0,0.0,0.0,0,0,0,0,0,0,0,0,0,0,0,0,0,0,0,371.491608,411.114136,458.486908,561.443604,462.107361,414.267731,370.904175,410.181488,457.446106,560.167969,461.655792,413.863434,369.759613,409.769714,456.987579,559.607666,462.700897,414.799835,370.327972,410.713287,458.039246,560.894409,463.159851,415.2117,38.087143,105501.10639,37.48821,153.47922,0,true,false,0.177783,-76.004635,0,0.0,0.0,0.0
2,77,3.85,499.345813,37300.313661,499.697298,37300.105682,17472.899809,0.0,0.0,19.41293,0.000313,0.032673,-135.020493,1.0,0.0,0.0,0.0,0.0,0.0,0,0,0,0,0,0,0,0,0,0,0,0,0,0,0,371.491608,411.114136,458.486908,561.443604,462.107361,414.267731,370.904175,410.181488,457.446106,560.167969,461.655792,413.863434,369.759613,409.769714,456.987579,559.607666,462.700897,414.799835,370.327972,410.713287,458.039246,560.894409,463.159851,415.2117,38.828053,105501.105967,37.488214,152.738313,0,true,false,0.210043,-77.004703,0,0.0,0.0,0.0
2,78,3.9,499.34572,0.340619,499.697207,0.197111,17471.849191,0.004537,0.004448,14.833141,0.000313,0.032673,-135.020493,1.0,0.0,0.0,0.0,0.0,0.0,0,0,0,0,0,0,0,0,0,0,0,0,0,0,0,371.49173,411.114288,458.487061,561.443787,462.107361,414.267731,370.904297,410.181488,457.446106,560.167969,461.65564,413.863281,369.759491,409.769592,456.987427,559.607483,462.700897,414.799835,370.32785,410.713287,458.039246,560.894409,463.160004,415.211823,39.87867,105501.105498,37.488218,151.687695,0,true,false,0.242302,-78.004771,0,0.0,0.0,0.0
2,79,3.95,499.345265,37300.314116,499.696761,37300.106128,17471.6193,0.012571,0.012324,-1.671188,0.000313,0.032673,-135.020493,1.0,0.0,0.0,0.0,0.0,0.0,0,0,0,0,0,0,0,0,0,0,0,0,0,0,0,371.492371,411.114929,458.487793,561.444702,462.107361,414.267731,370.904816,410.181488,457.446075,560.167908,461.654907,413.86264,369.75885,409.768921,456.986694,559.606567,462.700928,414.799866,370.327332,410.713287,458.039246,560.894409,463.160736,415.212494,40.108559,105501.106004,37.488213,151.457804,0,true,false,0.27456,-79.004838,0,0.0,0.0,0.0
2,80,4.0,499.344362,0.341522,499.695876,0.197996,17471.99289,0.022211,0.021774,-10.535018,0.000313,0.032673,-135.020493,1.0,0.0,0.0,0.0,0.0,0.0,0,0,0,0,0,0,0,0,0,0,0,0,0,0,0,371.493652,411.116241,458.489258,561.446472,462.107361,414.2677,370.905853,410.181458,457.446075,560.167908,461.653442,413.861328,369.757568,409.767609,456.98526,559.604797,462.700928,414.799866,370.326294,410.713287,458.039246,560.894409,463.162201,415.213806,39.73497,105501.107482,37.488199,151.831393,0,true,false,0.306819,-80.004906,0,0.0,0.0,0.0
2,81,4.05,499.342927,37300.315551,499.694469,37300.107535,17472.580252,0.033595,0.032933,-11.498512,0.000313,0.032673,-135.020493,1.0,0.0,0.0,0.0,0.0,0.0,0,0,0,0,0,0,0,0,0,0,0,0,0,0,0,371.495667,411.118347,458.491577,561.449341,462.10733,414.2677,370.907532,410.181458,457.446045,560.167908,461.651123,413.859253,369.755554,409.765533,456.98291,559.601929,462.700958,414.799896,370.324615,410.713318,458.039276,560.89447,463.16452,415.215881,39.14761,105501.109826,37.488177,152.418753,0,true,false,0.339077,-81.004974,0,0.0,0.0,0.0
2,82,4.1,499.340982,0.343466,499.692563,0.199902,17469.733461,0.0414,0.040585,129.244438,0.000313,0.032673,-135.020493,1.0,0.0,0.0,0.0,0.0,0.0,0,0,0,0,0,0,0,0,0,0,0,0,0,0,0,371.498413,411.121155,458.49472,561.453186,462.1073,414.26767,370.90979,410.181427,457.446014,560.167847,461.64798,413.856415,369.752808,409.762726,456.979767,559.598083,462.700989,414.799927,370.322357,410.713348,458.039307,560.89447,463.167664,415.218689,41.9944,105501.110926,37.488166,149.571961,0,true,false,0.371336,-82.005042,0,0.0,0.0,0.0
2,83,4.15,499.338464,37300.318069,499.690095,37300.110003,17463.102221,0.057041,0.055918,136.238122,0.000313,0.032673,-135.020493,1.0,0.0,0.0,0.0,0.0,0.0,0,0,0,0,0,0,0,0,0,0,0,0,0,0,0,371.501984,411.124786,458.498779,561.458191,462.107269,414.267609,370.91272,410.181396,457.445984,560.167786,461.64389,413.852783,369.749237,409.759064,456.975708,559.59314,462.701019,414.799957,370.319458,410.713379,458.039337,560.894531,463.171722,415.222351,48.625641,105501.11067,37.488168,142.94072,0,true,false,0.403594,-83.00511,0,0.0,0.0,0.0
2,84,4.2,499.335104,0.346826,499.686801,0.203196,17455.866715,0.074753,0.073282,151.985437,0.000313,0.032673,-135.020493,1.0,0.0,0.0,0.0,0.0,0.0,0,0,0,0,0,0,0,0,0,0,0,0,0,0,0,371.506714,411.129669,458.504211,561.464844,462.107208,414.267578,370.916595,410.181335,457.445923,560.167725,461.638458,413.8479,369.744507,409.754181,456.970276,559.586487,462.70108,414.799988,370.315552,410.71344,458.039398,560.894592,463.177155,415.227203,55.861145,105501.111249,37.488163,135.705213,0,true,false,0.435853,-84.005176,0,0.0,0.0,0.0
2,85,4.25,499.330795,37300.322378,499.682577,37300.114227,17447.584077,0.094641,0.092777,176.661554,0.000313,0.032673,-135.020493,1.0,0.0,0.0,0.0,0.0,0.0,0,0,0,0,0,0,0,0,0,0,0,0,0,0,0,371.512787,411.135925,458.5112,561.473328,462.107117,414.267517,370.9216,410.181274,457.445862,560.167664,461.6315,413.841644,369.738403,409.747955,456.963318,559.577942,462.701141,414.800079,370.310547,410.713501,458.03949,560.894714,463.184143,415.233459,64.143784,105501.11256,37.48815,127.422573,0,true,false,0.468111,-85.005242,0,0.0,0.0,0.0
2,86,4.3,499.325426,0.352195,499.677313,0.208459,17437.803202,0.1168,0.1145,210.425278,0.000313,0.032673,-135.020493,1.0,0.0,0.0,0.0,0.0,0.0,0,0,0,0,0,0,0,0,0,0,0,0,0,0,0,371.520386,411.143707,458.519867,561.483948,462.107056,414.267426,370.927856,410.181183,457.44577,560.167542,461.622803,413.833862,369.730835,409.740173,456.95462,559.567322,462.701233,414.80014,370.304321,410.713562,458.039551,560.894775,463.19281,415.241241,73.92466,105501.114501,37.488132,117.641696,0,true,false,0.50037,-86.005306,0,0.0,0.0,0.0
2,87,4.35,499.318881,37300.328924,499.670897,37300.120644,17426.065377,0.14132,0.138537,253.420227,0.000313,0.032673,-135.020493,1.0,0.0,0.0,0.0,0.0,0.0,0,0,0,0,0,0,0,0,0,0,0,0,0,0,0,371.529633,411.153198,458.530457,561.496948,462.106934,414.267334,370.935455,410.181091,457.445679,560.167419,461.612213,413.824371,369.721588,409.730682,456.944061,559.554382,462.701324,414.800232,370.296722,410.713654,458.039673,560.894897,463.2034,415.250732,85.662483,105501.116973,37.488108,105.903867,0,true,false,0.532628,-87.00537,0,0.0,0.0,0.0
2,88,4.4,499.311038,0.360038,499.663209,0.216147,17411.905285,0.168284,0.16497,305.776062,0.000313,0.032673,-135.020493,1.0,0.0,0.0,0.0,0.0,0.0,0,0,0,0,0,0,0,0,0,0,0,0,0,0,0,371.54068,411.164551,458.543121,561.512451,462.106812,414.267242,370.94455,410.181,457.445526,560.167236,461.599548,413.813019,369.710541,409.719299,456.931366,559.538818,462.701477,414.800354,370.287598,410.713776,458.039795,560.895081,463.216095,415.262115,99.822578,105501.11988,37.48808,91.743771,0,true,false,0.564887,-88.005433,0,0.0,0.0,0.0
2,89,4.45,499.301774,37300.338188,499.654127,37300.129726,17394.85138,0.197769,0.193875,367.609634,0.000313,0.032673,-135.020493,1.0,0.0,0.0,0.0,0.0,0.0,0,0,0,0,0,0,0,0,0,0,0,0,0,0,0,371.553772,411.177979,458.558105,561.530823,462.106659,414.26709,370.955292,410.180847,457.445404,560.167053,461.584564,413.799591,369.697449,409.705872,456.916412,559.520508,462.70163,414.800476,370.276855,410.713898,458.039948,560.895264,463.231079,415.275543,116.87648,105501.123127,37.488049,74.689861,0,true,false,0.597145,-89.005494,0,0.0,0.0,0.0
2,90,4.5,499.290961,0.370851,499.643527,0.226748,17374.426664,0.229846,0.22532,439.02551,0.000313,0.032673,-135.020493,1.0,0.0,0.0,0.0,0.0,0.0,0,0,0,0,0,0,0,0,0,0,0,0,0,0,0,371.569031,22868.835938,26122.464844,569.065308,40000.0,40000.0,370.967834,40000.0,40000.0,568.022217,40000.0,40000.0,369.68219,40000.0,40000.0,568.281128,40000.0,40000.0,370.264313,40000.0,40000.0,569.355835,40000.0,40000.0,137.301193,105501.126622,37.488016,54.26514,0,true,false,0.629404,-90.005555,0,0.0,0.0,0.0
2,91,4.55,499.278465,37300.350684,499.631276,37300.141976,17350.146238,0.264584,0.259375,520.120903,0.000313,0.032673,-135.020493,1.0,0.0,0.0,0.0,0.0,0.0,0,0,0,0,0,0,0,0,0,0,0,0,0,0,0,371.58667,22868.847656,26122.484375,569.078674,40000.0,40000.0,370.982361,40000.0,40000.0,568.010803,40000.0,40000.0,369.664551,40000.0,40000.0,568.267761,40000.0,40000.0,370.249817,40000.0,40000.0,569.367249,40000.0,40000.0,161.581619,105501.130275,37.487981,29.984708,0,true,false,0.661666,-91.005615,0,0.0,0.0,0.0
2,92,4.6,501.340433,-1.691117,501.692019,-1.833995,17324.460959,-82.950201,-82.895702,493.422053,0.58377,0.032673,-135.020493,0.0,0.0,1.0,1.0,0.0,0.0,0,0,0,0,0,0,0,0,0,0,0,0,0,0,0,40000.0,22866.453125,26119.09375,40000.0,40000.0,40000.0,40000.0,40000.0,40000.0,40000.0,40000.0,40000.0,40000.0,40000.0,40000.0,40000.0,40000.0,40000.0,40000.0,40000.0,40000.0,40000.0,40000.0,40000.0,187.266907,105498.200431,37.442203,4.682614,0,true,false,0.693924,-92.00549,0,0.0,0.0,0.0
2,93,4.65,508.452909,37293.238208,508.799668,37293.034327,17301.081098,-184.941664,-184.816754,450.029235,2.16629,0.026254,-135.011078,0.0,0.0,1.0,1.0,-0.209979,0.279972,0,0,0,0,0,0,0,0,0,0,0,0,0,0,0,40000.0,22856.089844,26109.945312,40000.0,40000.0,40000.0,40000.0,40000.0,40000.0,40000.0,40000.0,40000.0,40000.0,40000.0,40000.0,40000.0,40000.0,40000.0,40000.0,40000.0,40000.0,40000.0,40000.0,40000.0,210.646759,105488.138164,20.414034,-6.489038,0,true,false,0.726183,-93.004525,0,0.0,0.0,0.0
2,94,4.7,520.740118,-13.978326,521.082853,-14.11718,17279.685734,-289.415903,-289.457474,412.739026,4.47496,-0.159865,-134.821701,0.0,0.0,1.0,0.0,-0.349965,0.279972,0,0,0,0,0,0,0,0,0,0,0,0,0,0,0,40000.0,22787.185547,26141.193359,40000.0,40000.0,40000.0,40000.0,40000.0,40000.0,40000.0,40000.0,40000.0,40000.0,40000.0,40000.0,40000.0,40000.0,40000.0,40000.0,40000.0,40000.0,40000.0,40000.0,40000.0,232.04213,105469.781535,-351.952045,287.38067,0,true,false,0.758448,-94.002029,0,0.0,0.0,0.0
2,95,4.75,538.307721,37275.670606,538.698382,37275.418798,17260.017599,-395.754041,-397.839249,379.927883,6.380048,-1.040428,-134.07843,0.0,0.0,1.0,0.0,-0.279972,0.209979,0,0,0,0,0,0,0,0,0,0,0,0,0,0,0,40000.0,22846.212891,26365.638672,40000.0,40000.0,40000.0,40000.0,40000.0,40000.0,40000.0,40000.0,40000.0,40000.0,40000.0,40000.0,40000.0,40000.0,40000.0,40000.0,40000.0,40000.0,40000.0,40000.0,40000.0,251.710266,105414.853598,-1898.463145,1714.098344,0,true,false,0.790706,-94.997294,0,0.0,0.0,0.0
2,96,4.8,561.221188,-36.891794,561.87782,-37.296618,17241.923608,-503.022815,-511.276237,349.170528,8.09538,-2.200891,-133.200226,0.0,0.0,1.0,0.0,-0.279972,0.069993,0,0,0,0,0,0,0,0,0,0,0,0,0,0,0,40000.0,22932.525391,36280.003906,40000.0,40000.0,40000.0,40000.0,40000.0,40000.0,40000.0,40000.0,40000.0,40000.0,40000.0,40000.0,40000.0,40000.0,40000.0,40000.0,40000.0,40000.0,40000.0,40000.0,40000.0,269.80426,105284.242257,-3845.413903,3521.740482,0,true,false,0.822965,-95.989594,0,0.0,0.0,0.0
2,97,4.85,589.521703,37247.370091,590.885852,37246.410766,17225.338712,-611.098741,-630.107078,319.247843,9.709195,-3.482638,-132.365158,0.0,0.0,1.0,0.0,-0.209979,0.069993,0,0,0,0,0,0,0,0,0,0,0,0,0,0,0,40000.0,23023.367188,36609.726562,40000.0,40000.0,40000.0,40000.0,40000.0,40000.0,40000.0,40000.0,40000.0,40000.0,40000.0,40000.0,40000.0,40000.0,40000.0,40000.0,40000.0,40000.0,40000.0,40000.0,40000.0,286.38916,105069.033756,-5848.145093,5451.423034,0,true,false,0.855223,-96.978179,0,0.0,0.0,0.0
2,98,4.9,623.250804,-70.620895,625.995622,-72.406388,17210.251828,-720.026309,-754.422781,289.13011,11.228262,-4.825255,-131.603806,0.0,0.0,1.0,0.0,-0.069993,0.0,0,0,0,0,0,0,0,0,0,0,0,0,0,0,0,40000.0,23114.632812,36903.824219,40000.0,40000.0,40000.0,40000.0,40000.0,40000.0,40000.0,40000.0,40000.0,40000.0,40000.0,40000.0,40000.0,40000.0,40000.0,40000.0,40000.0,40000.0,40000.0,40000.0,40000.0,301.476044,104770.55877,-7834.304865,7410.779724,0,true,false,0.887482,-97.962282,0,0.0,0.0,0.0
2,99,4.95,662.454498,37208.166397,667.48044,37204.925948,17196.694947,-829.960767,-884.178029,258.157248,12.545299,-6.047425,-130.971756,0.0,0.0,1.0,0.0,0.0,0.0,0,0,0,0,0,0,0,0,0,0,0,0,0,0,0,40000.0,23190.634766,36908.539062,40000.0,40000.0,40000.0,40000.0,40000.0,40000.0,40000.0,40000.0,40000.0,40000.0,40000.0,40000.0,40000.0,40000.0,40000.0,40000.0,40000.0,40000.0,40000.0,40000.0,40000.0,315.032928,104429.034895,-9610.992525,9130.041051,0,true,false,0.919741,-98.941111,0,0.0,0.0,0.0
2,100,5.0,707.194419,-115.360816,715.607022,-120.53297,17184.708081,-941.29953,-1019.200064,226.473871,12.876915,-7.124265,-130.440033,0.0,0.0,1.0,-1.0,0.0,0.0,0,0,0,0,0,0,0,0,0,0,0,0,0,0,0,40000.0,23205.894531,36918.160156,40000.0,40000.0,40000.0,40000.0,40000.0,40000.0,40000.0,40000.0,40000.0,40000.0,40000.0,40000.0,40000.0,40000.0,40000.0,40000.0,40000.0,40000.0,40000.0,40000.0,40000.0,327.019775,104067.602613,-11041.004726,10740.736043,0,true,false,0.951999,-99.913854,0,0.0,0.0,0.0
2,101,5.05,757.546379,37157.814437,770.638357,37149.894613,17174.32945,-1054.198093,-1159.50503,193.941589,12.058072,-8.10531,-129.949829,0.0,0.0,1.0,0.0,0.0,0.0,0,0,0,0,0,0,0,0,0,0,0,0,0,0,0,40000.0,23106.744141,36928.453125,40000.0,40000.0,40000.0,40000.0,40000.0,40000.0,40000.0,40000.0,40000.0,40000.0,40000.0,40000.0,40000.0,40000.0,40000.0,40000.0,40000.0,40000.0,40000.0,40000.0,40000.0,270.673859,103683.939748,-12125.58216,12420.654078,0,true,false,0.984258,-100.879676,0,0.0,0.0,0.0
2,102,5.1,813.563984,-171.378421,832.801891,-182.696504,17165.827464,-1166.745639,-1302.442394,147.324197,11.34273,-8.838199,-129.56958,0.0,0.0,1.0,0.0,0.0,0.0,0,0,0,0,0,0,0,0,0,0,0,0,0,0,0,40000.0,23012.605469,36921.132812,40000.0,40000.0,40000.0,40000.0,40000.0,40000.0,40000.0,1046.399048,40000.0,40000.0,40000.0,40000.0,40000.0,40000.0,40000.0,40000.0,40000.0,40000.0,40000.0,40000.0,40000.0,160.773605,103343.361163,-12901.741789,13703.828727,0,true,true,1.0,-101.83772,0,0.0,0.0,0.0
2,103,5.15,875.810425,37095.567996,902.844482,37079.852022,17160.133634,-1271.707202,-1438.572702,87.863061,10.813376,-9.373157,-129.28389,0.0,0.0,1.0,0.0,0.0,0.0,0,0,0,0,0,0,0,0,0,0,0,0,0,0,0,40000.0,22918.257812,36892.722656,40000.0,40000.0,40000.0,40000.0,40000.0,40000.0,40000.0,1022.127197,40000.0,1022.127197,1074.442261,40000.0,40000.0,40000.0,40000.0,40000.0,40000.0,40000.0,40000.0,40000.0,40000.0,784.648193,103048.013065,-13458.263994,14643.780659,0,true,true,1.0,-102.787033,0,0.0,0.0,0.0
2,104,5.2,942.194824,-237.762821,978.4568,-258.308822,17157.404795,-1366.519718,-1563.556234,31.139684,10.403532,-9.701061,-129.137817,0.0,0.0,1.0,0.0,0.209979,-0.349965,0,0,0,0,0,0,0,0,0,0,0,0,0,0,0,40000.0,22830.326172,36840.089844,40000.0,40000.0,40000.0,40000.0,40000.0,40000.0,40000.0,1159.601196,40000.0,1116.253418,1161.621582,40000.0,40000.0,40000.0,40000.0,40000.0,40000.0,40000.0,40000.0,40000.0,40000.0,787.377014,102824.256016,-13713.367934,15248.267943,0,true,true,1.0,-103.726953,0,0.0,0.0,0.0
2,105,5.25,1013.101451,37024.66137,1060.053981,36998.254841,17157.431175,-1454.051859,-1679.503587,-22.675559,10.062349,-9.813593,-129.182449,0.0,0.0,1.0,0.0,0.139986,-0.209979,0,0,0,0,0,0,0,0,0,0,0,0,0,0,0,40000.0,22754.605469,36761.867188,40000.0,40000.0,40000.0,40000.0,40000.0,40000.0,40000.0,40000.0,40000.0,1228.947754,1256.312134,40000.0,40000.0,40000.0,40000.0,40000.0,40000.0,40000.0,40000.0,40000.0,40000.0,787.350647,102691.475573,-13571.280961,15526.552774,0,true,true,1.0,-104.656764,0,0.0,0.0,0.0
2,106,5.3,1088.208515,-312.869885,1147.189631,-345.444472,17160.039188,-1535.728825,-1786.599335,-72.614904,9.793475,-9.684,-129.417877,0.0,0.0,1.0,0.0,0.069993,-0.139986,0,0,0,0,0,0,0,0,0,0,0,0,0,0,0,40000.0,22689.216797,36652.828125,40000.0,40000.0,40000.0,40000.0,40000.0,40000.0,40000.0,990.177795,1310.031372,1294.578979,1275.71228,40000.0,40000.0,40000.0,40000.0,40000.0,40000.0,40000.0,40000.0,40000.0,40000.0,616.56189,102659.616062,-13032.482168,15425.014458,0,true,true,1.0,-105.575807,0,0.0,0.0,0.0
2,107,5.35,1167.259619,36945.610265,1239.427747,36906.016725,17165.010518,-1612.745558,-1885.085785,-117.898458,9.583721,-9.412387,-129.766571,0.0,0.0,1.0,0.0,0.069993,0.0,0,0,0,0,0,0,0,0,0,0,0,0,0,0,0,40000.0,22629.052734,36435.019531,40000.0,40000.0,40000.0,40000.0,40000.0,40000.0,40000.0,1006.970215,1434.912476,1416.088623,1323.047974,40000.0,40000.0,40000.0,40000.0,40000.0,40000.0,40000.0,40000.0,40000.0,40000.0,2781.194824,102679.837483,-12267.223332,15093.358234,0,true,true,1.0,-106.483468,0,0.0,0.0,0.0
2,108,5.4,1250.058332,-395.668597,1336.369607,-442.386332,17172.108271,-1685.708732,-1975.465434,-158.465076,9.412567,-9.157557,-130.085449,0.0,0.0,1.0,0.0,0.0,0.0,0,0,0,0,0,0,0,0,0,0,0,0,0,0,0,40000.0,22531.654297,36107.0625,40000.0,40000.0,40000.0,40000.0,40000.0,40000.0,40000.0,40000.0,1566.023682,1543.571899,1372.114014,40000.0,40000.0,40000.0,40000.0,40000.0,40000.0,40000.0,40000.0,40000.0,40000.0,2774.097168,102678.170088,-11574.126551,14769.148924,0,true,true,1.0,-107.379173,0,0.0,0.0,0.0
2,109,5.45,1336.373197,36859.2954,1437.595842,36804.79049,17181.110111,-1754.602808,-2058.45944,-194.906666,9.28503,-8.969217,-130.322998,0.0,0.0,1.0,0.0,0.0,0.0,0,0,0,0,0,0,0,0,0,0,0,0,0,0,0,40000.0,22342.070312,35819.941406,40000.0,40000.0,40000.0,40000.0,40000.0,40000.0,40000.0,933.209839,1702.833374,1676.927979,1343.067505,933.209839,40000.0,40000.0,40000.0,40000.0,40000.0,40000.0,40000.0,40000.0,40000.0,2765.095215,102634.911539,-11059.897256,14525.228229,0,true,true,1.0,-108.262393,0,0.0,0.0,0.0
2,110,5.5,1426.012743,-485.308143,1542.774907,-547.565397,17191.829498,-1819.40323,-2134.821576,-227.840059,9.190808,-8.831118,-130.497803,0.0,0.0,1.0,0.0,0.0,0.0,0,0,0,0,0,0,0,0,0,0,0,0,0,0,0,40000.0,22160.150391,35561.082031,40000.0,40000.0,40000.0,40000.0,40000.0,40000.0,40000.0,1020.196411,1743.666626,877.861938,1452.237793,40000.0,40000.0,40000.0,40000.0,40000.0,40000.0,40000.0,40000.0,40000.0,40000.0,2702.289307,102560.627956,-10682.588975,14343.161958,0,true,true,1.0,-109.132634,0,0.0,0.0,0.0
2,111,5.55,1518.772715,36766.535427,1651.59318,36695.972217,17204.105436,-1880.162997,-2205.187615,-257.748736,9.121293,-8.72979,-130.626419,0.0,0.0,1.0,0.0,0.0,0.0,0,0,0,0,0,0,0,0,0,0,0,0,0,0,0,40000.0,21982.597656,35997.941406,40000.0,40000.0,40000.0,40000.0,40000.0,40000.0,40000.0,40000.0,1120.942871,1009.67511,1163.68811,40000.0,40000.0,40000.0,40000.0,40000.0,40000.0,40000.0,40000.0,40000.0,40000.0,5000.0,102463.386786,-10405.755291,14207.153915,0,true,true,1.0,-109.989438,0,0.0,0.0,0.0
2,112,5.6,1614.455508,-580.990936,1763.768732,-659.740949,17217.798489,-1936.99803,-2270.109751,-285.020591,9.070056,-8.655406,-130.721024,0.0,0.0,1.0,0.0,0.0,0.0,0,0,0,0,0,0,0,0,0,0,0,0,0,0,0,40000.0,21807.044922,35769.632812,40000.0,40000.0,40000.0,40000.0,40000.0,40000.0,40000.0,40000.0,1272.38147,1161.007568,1320.286987,40000.0,40000.0,40000.0,40000.0,40000.0,40000.0,40000.0,40000.0,40000.0,40000.0,5000.0,102348.787722,-10202.656432,14105.364237,0,true,true,1.0,-110.832379,0,0.0,0.0,0.0
2,113,5.65,1712.869243,36668.121692,1879.043642,36580.697307,17232.78624,-1990.06291,-2330.069752,-309.970124,9.032317,-8.600782,-130.790604,0.0,0.0,1.0,0.0,0.0,0.0,0,0,0,0,0,0,0,0,0,0,0,0,0,0,0,40000.0,21632.005859,35549.507812,40000.0,40000.0,40000.0,40000.0,40000.0,40000.0,40000.0,40000.0,1398.563965,1316.411011,1426.788696,40000.0,40000.0,40000.0,40000.0,40000.0,40000.0,40000.0,40000.0,40000.0,40000.0,5000.0,102220.800014,-10053.671398,14028.966005,0,true,true,1.0,-111.661061,0,0.0,0.0,0.0
2,114,5.7,1813.840256,-681.961949,1997.193758,-777.891065,17248.961959,-2039.539718,-2385.496438,-332.858645,9.004536,-8.560659,-130.841766,0.0,0.0,1.0,0.0,0.0,0.0,0,0,0,0,0,0,0,0,0,0,0,0,0,0,0,40000.0,21456.363281,35334.253906,40000.0,40000.0,40000.0,40000.0,40000.0,40000.0,40000.0,40000.0,1515.152344,1475.564697,1592.069702,40000.0,40000.0,40000.0,40000.0,40000.0,40000.0,40000.0,40000.0,40000.0,40000.0,5000.0,102082.272718,-9944.401749,13971.402322,0,true,true,1.0,-112.475117,0,0.0,0.0,0.0
2,115,5.75,1917.17602,36564.785928,2117.981773,36459.909292,17266.225903,-2085.61057,-2436.75723,-353.897917,8.984094,-8.531183,-130.879379,0.0,0.0,1.0,0.0,0.0,0.0,0,0,0,0,0,0,0,0,0,0,0,0,0,0,0,40000.0,21279.53125,35121.703125,40000.0,40000.0,40000.0,40000.0,40000.0,40000.0,40000.0,40000.0,1651.322998,1638.144409,1749.575195,40000.0,40000.0,40000.0,40000.0,40000.0,40000.0,40000.0,40000.0,40000.0,40000.0,5000.0,101935.335635,-9864.280152,13927.816591,0,true,true,1.0,-113.274207,0,0.0,0.0,0.0
2,116,5.8,2022.720848,-787.506776,2241.2198,-901.129092,17284.492566,-2128.475601,-2484.194508,-373.272937,8.969054,-8.509523,-130.907028,0.0,0.0,1.0,0.0,0.0,0.0,0,0,0,0,0,0,0,0,0,0,0,0,0,0,0,40000.0,21101.001953,34910.222656,40000.0,40000.0,40000.0,40000.0,40000.0,40000.0,40000.0,40000.0,1863.81958,1813.052246,1892.640381,40000.0,40000.0,40000.0,40000.0,40000.0,40000.0,40000.0,40000.0,40000.0,40000.0,5000.0,101781.541191,-9805.547917,13894.613464,0,true,true,1.0,-114.058015,0,0.0,0.0,0.0
2,117,5.85,2130.320553,36457.186223,2366.726117,36334.402975,17303.683479,-2168.329631,-2528.111575,-391.14059,8.957994,-8.493607,-130.927368,0.0,0.0,1.0,0.0,0.0,0.0,0,0,0,0,0,0,0,0,0,0,0,0,0,0,0,40000.0,20920.552734,34698.714844,40000.0,40000.0,40000.0,40000.0,40000.0,40000.0,40000.0,40000.0,40000.0,1981.266602,2141.340088,40000.0,40000.0,40000.0,40000.0,40000.0,40000.0,40000.0,40000.0,40000.0,40000.0,5000.0,101622.072191,-9762.511878,13869.13703,0,true,true,1.0,-114.826249,0,0.0,0.0,0.0
2,118,5.9,2239.856308,-897.042531,2494.363269,-1028.766244,17323.732253,-2205.372365,-2568.792844,-407.640442,8.94986,-8.48191,-130.942307,0.0,0.0,1.0,0.0,0.0,0.0,0,0,0,0,0,0,0,0,0,0,0,0,0,0,0,40000.0,20738.041016,25139.785156,40000.0,40000.0,40000.0,40000.0,40000.0,40000.0,40000.0,40000.0,40000.0,2152.292725,3241.453613,40000.0,40000.0,40000.0,40000.0,40000.0,40000.0,40000.0,40000.0,40000.0,40000.0,5000.0,101457.795292,-9730.995715,13849.42535,0,true,true,1.0,-115.578633,0,0.0,0.0,0.0
2,119,5.95,2351.140069,36345.902462,2623.91525,36204.850993,17344.564009,-2239.770396,-2606.468468,-422.883492,8.943878,-8.473312,-130.953293,0.0,0.0,1.0,0.0,0.0,0.0,0,0,0,0,0,0,0,0,0,0,0,0,0,0,0,40000.0,20553.439453,24492.126953,40000.0,40000.0,40000.0,40000.0,40000.0,40000.0,40000.0,40000.0,3306.865234,2325.848633,3255.333008,40000.0,40000.0,40000.0,40000.0,40000.0,40000.0,40000.0,40000.0,40000.0,40000.0,5000.0,101289.497814,-9707.929126,13834.029696,0,true,true,1.0,-116.314918,0,0.0,0.0,0.0
2,120,6.0,2464.071346,-1009.973808,2755.269422,-1160.120415,17366.124047,-2271.710265,-2641.375843,-436.978371,8.320848,-8.466326,-130.96228,0.0,0.0,1.0,-1.0,0.0,0.0,0,0,0,0,0,0,0,0,0,0,0,0,0,0,0,40000.0,20366.59375,23969.738281,40000.0,40000.0,40000.0,40000.0,40000.0,40000.0,40000.0,40000.0,3405.710205,2501.813721,3188.354004,40000.0,40000.0,40000.0,40000.0,40000.0,40000.0,40000.0,40000.0,40000.0,40000.0,5000.0,101117.988154,-9539.507096,13924.787696,0,true,true,1.0,-117.034873,0,0.0,0.0,0.0
2,121,6.05,2578.532569,36231.441239,2888.293722,36071.826693,17388.357648,-2301.365669,-2673.720425,-450.01418,7.019315,-8.460472,-130.970078,0.0,0.0,1.0,0.0,0.0,0.0,0,0,0,0,0,0,0,0,0,0,0,0,0,0,0,40000.0,20177.591797,23753.828125,40000.0,40000.0,40000.0,40000.0,40000.0,40000.0,40000.0,40000.0,3230.216309,2680.025635,3303.868164,40000.0,40000.0,40000.0,40000.0,40000.0,40000.0,40000.0,40000.0,40000.0,40000.0,5000.0,100943.685598,-9206.013268,14125.575927,0,true,true,1.0,-117.738279,0,0.0,0.0,0.0
2,122,6.1,2694.432468,-1125.873708,3022.886832,-1294.713525,17411.21805,-2328.899426,-2703.698039,-462.077705,6.062626,-8.456285,-130.975906,0.0,0.0,1.0,0.0,0.0,0.0,0,0,0,0,0,0,0,0,0,0,0,0,0,0,0,40000.0,19986.630859,23534.375,40000.0,40000.0,40000.0,40000.0,40000.0,40000.0,40000.0,40000.0,2976.124023,2484.673096,3086.328857,40000.0,40000.0,40000.0,40000.0,40000.0,40000.0,40000.0,40000.0,40000.0,40000.0,5000.0,100766.489582,-8958.17927,14267.617898,0,true,true,1.0,-118.424935,0,0.0,0.0,0.0
2,123,6.15,2811.632007,36114.241701,3158.892374,35935.821151,17434.651414,-2354.448851,-2731.47577,-473.243491,5.359388,-8.45327,-130.980225,0.0,0.0,1.0,0.0,0.0,0.0,0,0,0,0,0,0,0,0,0,0,0,0,0,0,0,40000.0,19793.875,23313.09375,40000.0,40000.0,40000.0,40000.0,40000.0,40000.0,40000.0,40000.0,3122.013672,2615.15918,3224.218018,40000.0,40000.0,40000.0,40000.0,40000.0,40000.0,40000.0,40000.0,40000.0,40000.0,5000.0,100586.809124,-8774.654392,14368.746894,0,true,true,1.0,-119.094655,0,0.0,0.0,0.0
2,124,6.2,2930.05456,-1244.296261,3296.226681,-1432.047833,17458.618675,-2378.157658,-2757.223181,-483.583763,4.842449,-8.451088,-130.983429,0.0,0.0,1.0,0.0,0.0,0.0,0,0,0,0,0,0,0,0,0,0,0,0,0,0,0,40000.0,19599.410156,23090.273438,40000.0,40000.0,40000.0,40000.0,40000.0,40000.0,40000.0,40000.0,3259.783447,2799.329834,3416.511475,40000.0,40000.0,40000.0,40000.0,40000.0,40000.0,40000.0,40000.0,40000.0,40000.0,5000.0,100404.900641,-8639.095241,14441.062898,0,true,true,1.0,-119.747269,0,0.0,0.0,0.0
2,125,6.25,3031.368952,36012.927308,3413.654299,35818.393534,17479.338692,-2396.921126,-2777.583011,-491.755359,4.519466,-8.449739,-130.985443,0.0,0.0,1.0,0.0,0.0,0.0,0,0,0,0,0,0,0,0,0,0,0,0,0,0,0,40000.0,19433.183594,22899.380859,40000.0,40000.0,40000.0,40000.0,40000.0,40000.0,40000.0,40000.0,3419.0271,2943.585449,3566.405518,40000.0,40000.0,40000.0,40000.0,40000.0,40000.0,40000.0,40000.0,40000.0,40000.0,5000.0,100249.059752,-8554.169072,14485.166927,0,true,true,1.0,-120.38525,0,0.0,0.0,0.0
2,126,6.3,3151.825461,-1364.75277,3553.195609,-1571.589143,17504.191556,-2417.561613,-2799.964356,-500.733998,4.226809,-8.448528,-130.987274,0.0,0.0,1.0,0.0,0.0,0.0,0,0,0,0,0,0,0,0,0,0,0,0,0,0,0,40000.0,19235.697266,22673.056641,40000.0,40000.0,40000.0,40000.0,40000.0,40000.0,40000.0,40000.0,3659.262939,3117.354736,3742.736084,40000.0,40000.0,40000.0,40000.0,40000.0,40000.0,40000.0,40000.0,40000.0,40000.0,5000.0,100063.621792,-8477.097489,14524.292741,0,true,true,1.0,-121.005839,0,0.0,0.0,0.0
2,127,6.35,3273.269778,35891.482992,3693.807645,35677.781498,17529.473901,-2436.708664,-2820.714011,-509.054341,4.01168,-8.447643,-130.988617,0.0,0.0,1.0,0.0,0.0,0.0,0,0,0,0,0,0,0,0,0,0,0,0,0,0,0,40000.0,19036.763672,22445.103516,40000.0,40000.0,40000.0,40000.0,40000.0,40000.0,40000.0,40000.0,40000.0,3305.136719,40000.0,40000.0,40000.0,40000.0,40000.0,40000.0,40000.0,40000.0,40000.0,40000.0,40000.0,5000.0,99876.532704,-8420.416093,14552.350499,0,true,true,1.0,-121.608895,0,0.0,0.0,0.0
2,128,6.4,3395.630584,-1487.113576,3835.412602,-1713.1941,17555.154316,-2454.468861,-2839.951659,-516.76579,3.853542,-8.446997,-130.989609,0.0,0.0,1.0,0.0,0.0,0.0,0,0,0,0,0,0,0,0,0,0,0,0,0,0,0,40000.0,18836.404297,22215.572266,40000.0,40000.0,40000.0,40000.0,40000.0,40000.0,40000.0,40000.0,40000.0,3494.289307,40000.0,40000.0,40000.0,40000.0,40000.0,40000.0,40000.0,40000.0,40000.0,40000.0,40000.0,5000.0,99687.941139,-8378.774819,14572.427741,0,true,true,1.0,-122.19429,0,0.0,0.0,0.0
2,129,6.45,3518.84124,35768.272337,3977.937882,35535.256217,17581.203646,-2470.941632,-2857.788101,-523.913685,3.737297,-8.446523,-130.990341,0.0,0.0,1.0,0.0,0.0,0.0,0,0,0,0,0,0,0,0,0,0,0,0,0,0,0,40000.0,18634.744141,17916.091797,40000.0,40000.0,40000.0,40000.0,40000.0,40000.0,40000.0,40000.0,40000.0,3684.712158,40000.0,40000.0,40000.0,40000.0,40000.0,40000.0,40000.0,40000.0,40000.0,40000.0,40000.0,5000.0,99497.977738,-8348.213738,14586.738315,0,true,true,1.0,-122.761905,0,0.0,0.0,0.0
2,130,6.5,3642.840832,-1611.113169,4121.317296,-1856.573513,17607.595102,-2486.219705,-2874.326027,-530.539818,3.651846,-8.446176,-130.990891,0.0,0.0,1.0,0.0,0.0,0.0,0,0,0,0,0,0,0,0,0,0,0,0,0,0,0,40000.0,18431.900391,17226.107422,40000.0,40000.0,40000.0,40000.0,40000.0,40000.0,40000.0,40000.0,40000.0,3876.313965,40000.0,40000.0,40000.0,40000.0,40000.0,40000.0,40000.0,40000.0,40000.0,40000.0,40000.0,5000.0,99306.756493,-8325.807864,14596.878272,0,true,true,1.0,-123.31163,0,0.0,0.0,0.0
2,131,6.55,3767.632705,35643.480464,4265.558676,35391.014837,17634.316937,-2500.395896,-2889.667588,-536.685595,3.589036,-8.445921,-130.991287,0.0,0.0,1.0,0.0,0.0,0.0,0,0,0,0,0,0,0,0,0,0,0,0,0,0,0,40000.0,18227.792969,16571.371094,40000.0,40000.0,40000.0,40000.0,40000.0,40000.0,40000.0,40000.0,40000.0,4069.102051,40000.0,40000.0,40000.0,40000.0,40000.0,40000.0,40000.0,40000.0,40000.0,40000.0,40000.0,5000.0,99114.286561,-8309.400819,14604.001931,0,true,true,1.0,-123.843354,0,0.0,0.0,0.0
2,132,6.6,3893.054507,-1736.534972,4410.478119,-2001.492956,17661.322285,-2513.537514,-2903.886867,-542.381061,3.54287,-8.445734,-130.991577,0.0,0.0,1.0,0.0,0.0,0.0,0,0,0,0,0,0,0,0,0,0,0,0,0,0,0,40000.0,18022.707031,16421.908203,40000.0,40000.0,40000.0,40000.0,40000.0,40000.0,40000.0,40000.0,40000.0,4262.828613,40000.0,40000.0,40000.0,40000.0,40000.0,40000.0,40000.0,40000.0,40000.0,40000.0,40000.0,5000.0,98920.828782,-8297.403298,14608.948674,0,true,true,1.0,-124.356988,0,0.0,0.0,0.0
2,133,6.65,4019.092052,35517.442919,4556.062768,35245.430188,17688.597281,-2525.723796,-2917.070532,-547.661008,3.508934,-8.445597,-130.991791,0.0,0.0,1.0,0.0,0.0,0.0,0,0,0,0,0,0,0,0,0,0,0,0,0,0,0,40000.0,17816.695312,16270.862305,40000.0,40000.0,40000.0,40000.0,40000.0,40000.0,40000.0,40000.0,40000.0,4457.473633,40000.0,40000.0,40000.0,40000.0,40000.0,40000.0,40000.0,40000.0,40000.0,40000.0,40000.0,5000.0,98726.412306,-8288.643728,14612.328654,0,true,true,1.0,-124.852446,0,0.0,0.0,0.0
2,134,6.7,4145.713075,-1863.155994,4702.278623,-2147.708811,17716.125004,-2537.024516,-2929.294681,-552.556589,3.483989,-8.445496,-130.991943,0.0,0.0,1.0,0.0,0.0,0.0,0,0,0,0,0,0,0,0,0,0,0,0,0,0,0,40000.0,17609.736328,16119.126953,40000.0,40000.0,40000.0,40000.0,40000.0,40000.0,40000.0,40000.0,40000.0,4652.989258,40000.0,40000.0,40000.0,40000.0,40000.0,40000.0,40000.0,40000.0,40000.0,40000.0,40000.0,5000.0,98531.092028,-8282.261147,14614.585598,0,true,true,1.0,-125.329648,0,0.0,0.0,0.0
2,135,6.75,4272.888605,35390.267389,4849.095255,35098.613556,17743.890034,-2547.505641,-2940.631223,-557.096255,3.465652,-8.445421,-130.992065,0.0,0.0,1.0,0.0,0.0,0.0,0,0,0,0,0,0,0,0,0,0,0,0,0,0,0,40000.0,17401.908203,15966.798828,40000.0,40000.0,40000.0,40000.0,40000.0,40000.0,40000.0,40000.0,40000.0,4849.333496,40000.0,40000.0,40000.0,40000.0,40000.0,40000.0,40000.0,40000.0,40000.0,40000.0,40000.0,5000.0,98334.916193,-8277.622759,14616.042364,0,true,true,1.0,-125.788516,0,0.0,0.0,0.0
2,136,6.8,4400.006583,-1990.273972,4995.810037,-2294.423593,17771.748506,-2491.762232,-2875.707358,-546.812064,3.452173,-8.445367,-130.992142,0.0,0.0,0.0,0.0,0.0,0.0,0,0,0,0,0,0,0,0,0,0,0,0,0,0,0,40000.0,17202.410156,15814.576172,40000.0,40000.0,40000.0,40000.0,40000.0,40000.0,40000.0,40000.0,40000.0,5045.563965,40000.0,40000.0,40000.0,40000.0,40000.0,40000.0,40000.0,40000.0,40000.0,40000.0,40000.0,5000.0,98138.830934,-8274.262717,14616.936941,0,true,true,1.0,-126.228982,0,0.0,0.0,1.0
2,137,6.85,4515.766294,35274.507678,5129.406673,34965.01692,17797.193847,-2135.357098,-2464.385261,-469.75809,3.442315,-8.445327,-130.992203,0.0,0.0,0.0,0.0,0.0,0.0,0,0,0,0,0,0,0,0,0,0,0,0,0,0,0,40000.0,17063.679688,15675.933594,40000.0,40000.0,40000.0,40000.0,40000.0,40000.0,40000.0,40000.0,40000.0,5224.254883,40000.0,40000.0,40000.0,40000.0,40000.0,40000.0,40000.0,40000.0,40000.0,40000.0,40000.0,5000.0,97960.257241,-8271.845969,14617.493667,0,true,true,1.0,-126.652325,0,0.0,0.0,1.0
2,138,6.9,4613.600354,-2088.108032,5242.315571,-2407.33249,17818.750539,-1834.297658,-2116.936842,-404.684568,3.435068,-8.445298,-130.992249,0.0,0.0,0.0,0.0,0.0,0.0,0,0,0,0,0,0,0,0,0,0,0,0,0,0,0,40000.0,16936.146484,15558.791992,40000.0,40000.0,40000.0,40000.0,40000.0,40000.0,40000.0,40000.0,40000.0,5375.274414,40000.0,40000.0,40000.0,40000.0,40000.0,40000.0,40000.0,40000.0,40000.0,40000.0,40000.0,5000.0,97809.326476,-8270.095981,14617.865026,0,true,true,1.0,-127.061201,0,0.0,0.0,1.0
2,139,6.95,4697.649731,35190.458302,5339.315761,34868.016729,17837.327094,-1575.709134,-1818.503505,-348.763481,3.429742,-8.445276,-130.992294,0.0,0.0,0.0,0.0,0.0,0.0,0,0,0,0,0,0,0,0,0,0,0,0,0,0,0,40000.0,16826.580078,15458.12793,40000.0,40000.0,40000.0,40000.0,40000.0,40000.0,40000.0,40000.0,40000.0,5505.016113,40000.0,40000.0,40000.0,40000.0,40000.0,40000.0,40000.0,40000.0,40000.0,40000.0,40000.0,5000.0,97679.651568,-8268.83578,14618.116156,0,true,true,1.0,-127.457642,0,0.0,0.0,1.0
2,140,7.0,4769.822677,-2160.280979,5422.609532,-2490.626261,17853.335663,-1353.638583,-1562.215039,-300.752239,3.425827,-8.445261,-130.99231,0.0,0.0,0.0,0.0,0.0,0.0,0,0,0,0,0,0,0,0,0,0,0,0,0,0,0,40000.0,16732.529297,15370.753906,40000.0,40000.0,40000.0,40000.0,40000.0,40000.0,40000.0,40000.0,40000.0,5616.424805,40000.0,40000.0,40000.0,40000.0,40000.0,40000.0,40000.0,40000.0,40000.0,40000.0,40000.0,5000.0,97568.290522,-8267.932655,14618.296963,0,true,true,1.0,-127.843409,0,0.0,0.0,1.0
2,141,7.05,4831.82402,35128.456959,5494.1644,34796.461861,17867.145155,-1162.865011,-1342.045973,-259.507526,3.422949,-8.44525,-130.992325,0.0,0.0,0.0,0.0,0.0,0.0,0,0,0,0,0,0,0,0,0,0,0,0,0,0,0,40000.0,16651.705078,15335.103516,40000.0,40000.0,40000.0,40000.0,40000.0,40000.0,40000.0,40000.0,40000.0,5712.132324,40000.0,40000.0,40000.0,40000.0,40000.0,40000.0,40000.0,40000.0,40000.0,40000.0,40000.0,5000.0,97472.614717,-8267.289578,14618.441559,0,true,true,1.0,-128.220006,0,0.0,0.0,1.0
2,142,7.1,4885.088426,-2213.545385,5555.636094,-2552.097955,17879.06576,-998.97433,-1152.902068,-224.074736,3.420833,-8.445241,-130.99234,0.0,0.0,0.0,0.0,0.0,0.0,0,0,0,0,0,0,0,0,0,0,0,0,0,0,0,40000.0,16582.267578,15323.141602,40000.0,40000.0,40000.0,40000.0,40000.0,40000.0,40000.0,40000.0,40000.0,5794.353027,40000.0,40000.0,40000.0,40000.0,40000.0,40000.0,40000.0,40000.0,40000.0,40000.0,40000.0,5000.0,97390.412045,-8266.83561,14618.572829,0,true,true,1.0,-128.588727,0,0.0,0.0,1.0
2,143,7.15,4930.844837,35082.700548,5608.442917,34743.655038,17889.363133,-858.185416,-990.419585,-193.636398,3.419278,-8.445234,-130.992355,0.0,0.0,0.0,0.0,0.0,0.0,0,0,0,0,0,0,0,0,0,0,0,0,0,0,0,40000.0,16522.619141,15312.918945,40000.0,40000.0,40000.0,40000.0,40000.0,40000.0,40000.0,40000.0,40000.0,5864.984375,40000.0,40000.0,40000.0,40000.0,40000.0,40000.0,40000.0,40000.0,40000.0,40000.0,40000.0,5000.0,97319.787552,-8266.518887,14618.705704,0,true,true,1.0,-128.95068,0,0.0,0.0,1.0
2,144,7.2,4970.152775,-2252.853323,5653.807649,-2597.462687,17898.266365,-737.237777,-850.835634,-167.487889,3.418135,-8.44523,-130.992355,0.0,0.0,0.0,0.0,0.0,0.0,0,0,0,0,0,0,0,0,0,0,0,0,0,0,0,40000.0,16471.376953,15304.089844,40000.0,40000.0,40000.0,40000.0,40000.0,40000.0,40000.0,40000.0,40000.0,5925.661621,40000.0,40000.0,40000.0,40000.0,40000.0,40000.0,40000.0,40000.0,40000.0,40000.0,40000.0,5000.0,97259.10746,-8266.301544,14618.849567,0,true,true,1.0,-129.306821,0,0.0,0.0,1.0
2,145,7.25,5003.920826,35048.932497,5692.778876,34704.683811,17905.971883,-633.336104,-730.924191,-145.024491,3.417295,-8.445227,-130.992371,0.0,0.0,0.0,0.0,0.0,0.0,0,0,0,0,0,0,0,0,0,0,0,0,0,0,0,40000.0,16427.355469,15296.504883,40000.0,40000.0,40000.0,40000.0,40000.0,40000.0,40000.0,40000.0,40000.0,5977.787109,40000.0,40000.0,40000.0,40000.0,40000.0,40000.0,40000.0,40000.0,40000.0,40000.0,40000.0,5000.0,97206.970707,-8266.155959,14619.009923,0,true,true,1.0,-129.657968,0,0.0,0.0,1.0
2,146,7.3,5032.929711,-2281.862208,5726.257618,-2630.941429,17912.648478,-544.077966,-627.912643,-125.727086,3.416962,-8.445225,-130.992371,0.0,0.0,0.0,0.0,0.0,0.0,0,0,0,0,0,0,0,0,0,0,0,0,0,0,0,40000.0,16389.539062,15289.988281,40000.0,40000.0,40000.0,40000.0,40000.0,40000.0,40000.0,40000.0,40000.0,6022.566406,40000.0,40000.0,40000.0,40000.0,40000.0,40000.0,40000.0,40000.0,40000.0,40000.0,40000.0,5000.0,97162.172839,-8266.137966,14619.150228,0,true,true,1.0,-130.004825,0,0.0,0.0,1.0
2,147,7.35,5057.850324,35024.011884,5755.018143,34675.923286,17918.4412,-467.399078,-539.418629,-109.149383,3.416962,-8.445225,-130.992371,0.0,0.0,0.0,0.0,0.0,0.0,0,0,0,0,0,0,0,0,0,0,0,0,0,0,0,40000.0,16357.051758,15284.444336,40000.0,40000.0,40000.0,40000.0,40000.0,40000.0,40000.0,40000.0,40000.0,6061.035156,40000.0,40000.0,40000.0,40000.0,40000.0,40000.0,40000.0,40000.0,40000.0,40000.0,40000.0,5000.0,97123.679497,-8266.201978,14619.287627,0,true,true,1.0,-130.347998,0,0.0,0.0,1.0
2,148,7.4,5079.259211,-2303.271096,5779.725836,-2655.649122,17923.474712,-401.525508,-463.394879,-94.907668,3.416962,-8.445225,-130.992371,0.0,0.0,0.0,0.0,0.0,0.0,0,0,0,0,0,0,0,0,0,0,0,0,0,0,0,40000.0,16329.142578,15279.633789,40000.0,40000.0,40000.0,40000.0,40000.0,40000.0,40000.0,40000.0,40000.0,6094.08252,40000.0,40000.0,40000.0,40000.0,40000.0,40000.0,40000.0,40000.0,40000.0,40000.0,40000.0,5000.0,97090.602118,-8266.260335,14619.462026,0,true,true,1.0,-130.688004,0,0.0,0.0,1.0
2,149,7.45,5097.65044,35005.620656,5800.950891,34654.698231,17927.855795,-344.937131,-398.087037,-82.673293,3.416962,-8.445225,-130.992371,0.0,0.0,0.0,0.0,0.0,0.0,0,0,0,0,0,0,0,0,0,0,0,0,0,0,0,40000.0,16305.201172,15275.501953,40000.0,40000.0,40000.0,40000.0,40000.0,40000.0,40000.0,40000.0,40000.0,6122.472168,40000.0,40000.0,40000.0,40000.0,40000.0,40000.0,40000.0,40000.0,40000.0,40000.0,40000.0,5000.0,97062.178734,-8266.31383,14619.668186,0,true,true,1.0,-131.025292,0,0.0,0.0,1.0
2,150,7.5,5113.453802,-2319.074458,5819.189327,-2673.887558,17931.677618,-296.310846,-341.968134,-72.160499,3.416962,-8.445225,-130.992371,0.0,0.0,0.0,0.0,0.0,0.0,0,0,0,0,0,0,0,0,0,0,0,0,0,0,0,40000.0,16284.599609,15271.951172,40000.0,40000.0,40000.0,40000.0,40000.0,40000.0,40000.0,40000.0,40000.0,6146.866699,40000.0,40000.0,40000.0,40000.0,40000.0,40000.0,40000.0,40000.0,40000.0,40000.0,40000.0,5000.0,97037.746458,-8266.363171,14619.901827,0,true,true,1.0,-131.360242,0,0.0,0.0,1.0
2,151,7.55,5127.025892,34992.048566,5834.852683,34639.034875,17935.016818,-254.550551,-293.773171,-63.132019,3.416962,-8.445225,-130.992371,0.0,0.0,0.0,0.0,0.0,0.0,0,0,0,0,0,0,0,0,0,0,0,0,0,0,0,40000.0,16266.90625,15268.901367,40000.0,40000.0,40000.0,40000.0,40000.0,40000.0,40000.0,40000.0,40000.0,6167.817383,40000.0,40000.0,40000.0,40000.0,40000.0,40000.0,40000.0,40000.0,40000.0,40000.0,40000.0,5000.0,97016.7554,-8266.408904,14620.158741,0,true,true,1.0,-131.693186,0,0.0,0.0,1.0
2,152,7.6,5138.685149,-2330.733715,5848.308465,-2687.34334,17937.942463,-218.675928,-252.370778,-55.37591,3.416962,-8.445225,-130.992371,0.0,0.0,0.0,0.0,0.0,0.0,0,0,0,0,0,0,0,0,0,0,0,0,0,0,0,40000.0,16251.707031,15266.282227,40000.0,40000.0,40000.0,40000.0,40000.0,40000.0,40000.0,40000.0,40000.0,6185.814941,40000.0,40000.0,40000.0,40000.0,40000.0,40000.0,40000.0,40000.0,40000.0,40000.0,40000.0,5000.0,96998.714414,-8266.451557,14620.435794,0,true,true,1.0,-132.024407,0,0.0,0.0,1.0
2,153,7.65,5148.701264,34982.032451,5859.867922,34627.475419,17940.512868,-187.857078,-216.803182,-48.713039,3.416962,-8.445225,-130.992371,0.0,0.0,0.0,0.0,0.0,0.0,0,0,0,0,0,0,0,0,0,0,0,0,0,0,0,40000.0,16238.649414,15264.086914,40000.0,40000.0,40000.0,40000.0,40000.0,40000.0,40000.0,40000.0,40000.0,6201.276367,40000.0,40000.0,40000.0,40000.0,40000.0,40000.0,40000.0,40000.0,40000.0,40000.0,40000.0,5000.0,96983.207566,-8266.491563,14620.730154,0,true,true,1.0,-132.354146,0,0.0,0.0,1.0
2,154,7.7,5157.305771,-2339.338222,5869.798261,-2697.273679,17942.778086,-161.381662,-186.248281,-42.989118,3.416962,-8.445225,-130.992371,0.0,0.0,0.0,0.0,0.0,0.0,0,0,0,0,0,0,0,0,0,0,0,0,0,0,0,40000.0,16227.432617,15262.15332,40000.0,40000.0,40000.0,40000.0,40000.0,40000.0,40000.0,40000.0,40000.0,6214.558594,40000.0,40000.0,40000.0,40000.0,40000.0,40000.0,40000.0,40000.0,40000.0,40000.0,40000.0,5000.0,96969.877775,-8266.529295,14621.03938,0,true,true,1.0,-132.682613,0,0.0,0.0,1.0
2,155,7.75,5164.697611,34974.640611,5878.329078,34618.944601,17944.781128,-138.63753,-159.999602,-38.071885,3.416962,-8.445225,-130.992371,0.0,0.0,0.0,0.0,0.0,0.0,0,0,0,0,0,0,0,0,0,0,0,0,0,0,0,40000.0,16217.796875,15260.493164,40000.0,40000.0,40000.0,40000.0,40000.0,40000.0,40000.0,40000.0,40000.0,6225.96875,40000.0,40000.0,40000.0,40000.0,40000.0,40000.0,40000.0,40000.0,40000.0,40000.0,40000.0,5000.0,96958.418221,-8266.565075,14621.361377,0,true,true,1.0,-133.009988,0,0.0,0.0,1.0
2,155,7.75,5164.697611,34974.640611,5878.329078,34618.944601,17944.781128,-138.63753,-159.999602,-38.071885,3.416962,-8.445225,-130.992371,0.0,0.0,0.0,0.0,0.0,0.0,0,0,0,0,0,0,0,0,0,0,0,0,0,0,0,40000.0,16217.796875,15260.493164,40000.0,40000.0,40000.0,40000.0,40000.0,40000.0,40000.0,40000.0,40000.0,6225.96875,40000.0,40000.0,40000.0,40000.0,40000.0,40000.0,40000.0,40000.0,40000.0,40000.0,40000.0,5000.0,96954.967323,-8266.576616,14621.471226,0,true,true,1.0,-5126.280443,3,0.0,0.0,1.0
